"Data","Último","Abertura","Máxima","Mínima","Vol.","Var%"
"14.11.2022","17,52","17,57","17,72","17,45","350,67K","-0,61%"
"11.11.2022","17,62","17,45","17,69","17,27","286,96K","5,06%"
"10.11.2022","16,77","16,51","16,80","16,44","351,94K","5,81%"
"09.11.2022","15,85","15,97","16,11","15,84","224,67K","-1,66%"
"08.11.2022","16,12","16,14","16,24","15,95","202,92K","-0,44%"
"07.11.2022","16,19","16,08","16,27","16,02","315,13K","4,62%"
"04.11.2022","15,48","15,51","15,62","15,26","302,98K","5,93%"
"03.11.2022","14,61","14,48","14,69","14,44","332,70K","-1,86%"
"02.11.2022","14,89","15,03","15,34","14,89","530,20K","-3,20%"
"01.11.2022","15,38","15,51","15,55","15,13","449,64K","0,70%"
"31.10.2022","15,27","14,90","15,33","14,84","497,56K","1,00%"
"28.10.2022","15,12","14,65","15,13","14,62","607,44K","-0,47%"
"27.10.2022","15,19","15,14","15,36","15,06","235,59K","-0,35%"
"26.10.2022","15,25","15,06","15,37","15,00","490,47K","1,25%"
"25.10.2022","15,06","14,89","15,13","14,84","316,60K","0,78%"
"24.10.2022","14,94","15,00","15,12","14,79","231,10K","-1,07%"
"21.10.2022","15,10","14,59","15,11","14,56","226,89K","2,27%"
"20.10.2022","14,77","14,79","15,07","14,71","224,48K","1,01%"
"19.10.2022","14,62","14,77","14,92","14,57","300,28K","-3,20%"
"18.10.2022","15,10","15,26","15,34","14,95","537,77K","2,67%"
"17.10.2022","14,71","14,84","14,94","14,71","363,09K","5,58%"
"14.10.2022","13,93","14,39","14,43","13,89","496,85K","-2,74%"
"13.10.2022","14,33","13,75","14,44","13,74","401,33K","3,55%"
"12.10.2022","13,83","13,84","13,93","13,67","361,33K","-2,21%"
"11.10.2022","14,15","14,10","14,45","13,99","387,38K","-0,44%"
"10.10.2022","14,21","14,39","14,45","14,08","489,28K","-3,46%"
"07.10.2022","14,72","15,00","15,11","14,60","498,30K","-3,68%"
"06.10.2022","15,28","15,21","15,42","15,19","171,91K","1,18%"
"05.10.2022","15,10","14,97","15,19","14,75","359,37K","-1,40%"
"04.10.2022","15,32","15,07","15,41","15,05","698,79K","4,45%"
"03.10.2022","14,67","14,51","14,79","14,38","546,80K","1,02%"
"30.09.2022","14,52","14,41","14,83","14,34","726,50K","-4,69%"
"29.09.2022","15,23","15,35","15,47","14,88","1,92M","-10,85%"
"28.09.2022","17,09","16,23","17,16","16,18","977,93K","5,05%"
"27.09.2022","16,27","16,36","16,51","15,96","1,29M","-0,68%"
"26.09.2022","16,38","16,19","16,68","16,16","842,95K","-1,43%"
"23.09.2022","16,61","16,81","16,86","16,44","880,75K","-4,64%"
"22.09.2022","17,42","17,58","17,66","17,19","407,90K","-1,10%"
"21.09.2022","17,61","17,84","18,17","17,61","374,25K","-3,43%"
"20.09.2022","18,24","18,34","18,49","18,05","819,42K","-1,07%"
"19.09.2022","18,44","17,45","18,46","17,39","1,39M","4,40%"
"16.09.2022","17,66","17,10","17,70","17,06","567,76K","0,61%"
"15.09.2022","17,55","17,26","17,73","17,23","376,77K","-1,01%"
"14.09.2022","17,73","17,22","17,80","17,19","667,57K","2,37%"
"13.09.2022","17,32","17,34","17,63","17,28","799,46K","-3,58%"
"12.09.2022","17,96","17,01","18,05","16,98","1,29M","8,47%"
"09.09.2022","16,56","16,58","16,65","16,40","1,23M","-1,49%"
"08.09.2022","16,81","16,50","16,86","16,40","556,47K","-2,69%"
"07.09.2022","17,28","16,84","17,28","16,82","442,25K","0,31%"
"06.09.2022","17,22","16,91","17,29","16,87","779,94K","5,59%"
"02.09.2022","16,31","16,83","17,15","16,24","294,30K","0,11%"
"01.09.2022","16,29","16,20","16,33","15,96","280,82K","-1,51%"
"31.08.2022","16,54","16,51","16,69","16,46","477,50K","-3,17%"
"30.08.2022","17,08","17,24","17,24","16,94","320,19K","2,88%"
"29.08.2022","16,61","16,61","16,69","16,47","223,34K","1,75%"
"26.08.2022","16,32","17,10","17,15","16,32","259,40K","-1,62%"
"25.08.2022","16,59","16,35","16,64","16,29","260,89K","1,42%"
"24.08.2022","16,35","16,14","16,41","16,10","229,57K","-0,97%"
"23.08.2022","16,52","16,50","16,73","16,46","256,24K","2,72%"
"22.08.2022","16,08","16,20","16,20","16,01","564,52K","-7,12%"
"19.08.2022","17,31","17,49","17,49","17,29","120,07K","-2,61%"
"18.08.2022","17,78","17,87","17,87","17,69","226,65K","-0,25%"
"17.08.2022","17,82","17,79","17,93","17,70","120,90K","-2,21%"
"16.08.2022","18,22","18,00","18,29","17,95","262,74K","1,29%"
"15.08.2022","17,99","17,92","18,09","17,87","189,66K","-1,24%"
"12.08.2022","18,22","18,25","18,25","18,02","161,27K","0,35%"
"11.08.2022","18,15","18,32","18,36","18,13","322,91K","-0,39%"
"10.08.2022","18,22","17,88","18,22","17,87","436,58K","5,54%"
"09.08.2022","17,27","17,53","17,61","17,25","439,35K","-1,43%"
"08.08.2022","17,52","17,62","17,68","17,45","238,46K","-0,51%"
"05.08.2022","17,61","17,57","17,66","17,48","206,99K","-1,25%"
"04.08.2022","17,83","17,94","17,95","17,74","176,68K","-0,80%"
"03.08.2022","17,97","17,64","18,00","17,61","322,01K","2,13%"
"02.08.2022","17,60","17,78","17,87","17,52","273,49K","-1,75%"
"01.08.2022","17,91","17,78","18,00","17,73","294,40K","1,42%"
"29.07.2022","17,66","17,19","17,68","17,15","271,14K","3,40%"
"28.07.2022","17,08","16,69","17,13","16,59","275,08K","3,47%"
"27.07.2022","16,51","16,19","16,58","16,09","345,94K","0,00%"
"26.07.2022","16,51","16,41","16,60","16,36","425,30K","-1,28%"
"25.07.2022","16,72","17,04","17,09","16,62","380,35K","-1,73%"
"22.07.2022","17,02","17,36","17,49","16,99","341,91K","-1,75%"
"21.07.2022","17,32","17,07","17,33","17,03","322,90K","-1,12%"
"20.07.2022","17,52","17,52","17,71","17,38","458,06K","-0,51%"
"19.07.2022","17,61","17,24","17,63","17,21","430,57K","4,68%"
"18.07.2022","16,82","17,08","17,11","16,75","433,35K","2,01%"
"15.07.2022","16,49","16,52","16,61","16,28","264,14K","3,48%"
"14.07.2022","15,93","15,80","16,10","15,60","296,87K","-2,25%"
"13.07.2022","16,30","16,07","16,40","15,99","241,33K","-0,65%"
"12.07.2022","16,41","16,30","16,67","16,22","211,82K","0,33%"
"11.07.2022","16,35","16,82","16,85","16,35","262,49K","-4,09%"
"08.07.2022","17,05","16,94","17,16","16,80","278,94K","4,61%"
"07.07.2022","16,30","16,08","16,35","15,99","351,92K","5,49%"
"06.07.2022","15,45","15,25","15,54","15,22","389,99K","0,12%"
"05.07.2022","15,43","15,07","15,46","15,01","477,55K","-5,32%"
"01.07.2022","16,30","15,97","16,30","15,85","262,21K","0,11%"
"30.06.2022","16,28","15,96","16,38","15,76","477,95K","-4,36%"
"29.06.2022","17,03","17,21","17,28","17,00","318,24K","-2,51%"
"28.06.2022","17,46","17,96","18,13","17,28","892,49K","1,01%"
"27.06.2022","17,29","17,52","17,52","17,25","281,20K","0,65%"
"24.06.2022","17,18","16,60","17,19","16,59","248,03K","2,75%"
"23.06.2022","16,72","16,99","17,00","16,62","739,85K","-2,68%"
"22.06.2022","17,18","16,98","17,48","16,94","290,74K","-1,23%"
"21.06.2022","17,39","17,53","17,63","17,36","350,42K","1,83%"
"17.06.2022","17,08","17,19","17,29","16,83","302,05K","-0,18%"
"16.06.2022","17,11","17,21","17,28","17,05","265,55K","-3,51%"
"15.06.2022","17,73","17,78","17,87","17,43","438,67K","0,05%"
"14.06.2022","17,72","18,01","18,05","17,61","448,73K","-1,44%"
"13.06.2022","17,98","18,17","18,23","17,78","324,97K","-6,11%"
"10.06.2022","19,15","19,28","19,34","18,97","202,91K","-2,59%"
"09.06.2022","19,66","19,90","20,05","19,66","160,81K","-1,92%"
"08.06.2022","20,05","20,06","20,34","20,04","264,42K","0,27%"
"07.06.2022","19,99","19,72","20,00","19,69","224,86K","-0,49%"
"06.06.2022","20,09","20,39","20,47","20,02","435,82K","-0,18%"
"03.06.2022","20,13","20,42","20,48","20,00","220,74K","-3,41%"
"02.06.2022","20,84","20,32","20,86","20,27","315,93K","1,95%"
"01.06.2022","20,44","20,39","20,56","20,31","302,68K","1,78%"
"31.05.2022","20,08","20,09","20,13","19,80","365,70K","6,14%"
"27.05.2022","18,92","18,70","18,93","18,65","273,55K","2,01%"
"26.05.2022","18,55","18,10","18,62","18,08","479,48K","4,44%"
"25.05.2022","17,76","17,37","17,85","17,37","339,10K","0,76%"
"24.05.2022","17,62","17,90","17,94","17,45","348,64K","-2,47%"
"23.05.2022","18,07","18,00","18,08","17,87","614,13K","3,27%"
"20.05.2022","17,50","18,12","18,12","17,19","236,49K","-0,61%"
"19.05.2022","17,61","17,36","17,78","17,34","360,49K","0,72%"
"18.05.2022","17,48","17,82","17,89","17,46","227,46K","-3,50%"
"17.05.2022","18,12","18,02","18,18","17,87","275,71K","1,91%"
"16.05.2022","17,78","17,78","17,88","17,56","430,78K","-0,75%"
"13.05.2022","17,91","17,53","17,97","17,49","399,65K","-1,28%"
"12.05.2022","18,14","18,07","18,37","18,05","328,14K","0,25%"
"11.05.2022","18,10","18,15","18,66","18,02","379,91K","0,82%"
"10.05.2022","17,95","18,36","18,36","17,71","460,76K","0,07%"
"09.05.2022","17,94","18,11","18,29","17,90","561,13K","-5,19%"
"06.05.2022","18,92","19,11","19,16","18,68","330,98K","0,56%"
"05.05.2022","18,81","19,80","19,81","18,56","588,15K","-4,74%"
"04.05.2022","19,75","19,32","19,75","19,19","412,70K","2,88%"
"03.05.2022","19,20","19,68","19,68","19,14","344,45K","0,61%"
"02.05.2022","19,08","19,13","19,29","18,88","342,23K","-1,07%"
"29.04.2022","19,29","19,51","19,73","19,26","218,21K","-2,18%"
"28.04.2022","19,72","19,84","19,84","19,48","496,41K","1,82%"
"27.04.2022","19,36","19,15","19,54","19,11","255,99K","0,53%"
"26.04.2022","19,26","20,12","20,17","19,21","409,66K","-5,90%"
"25.04.2022","20,47","20,29","20,47","19,94","318,09K","-0,56%"
"22.04.2022","20,58","20,98","21,00","20,57","252,64K","-2,08%"
"21.04.2022","21,02","21,54","21,60","20,96","351,98K","0,81%"
"20.04.2022","20,85","21,01","21,06","20,78","247,42K","0,26%"
"19.04.2022","20,80","20,47","20,90","20,47","443,97K","5,01%"
"18.04.2022","19,80","19,93","20,19","19,69","407,61K","-0,63%"
"14.04.2022","19,93","20,55","20,56","19,93","408,83K","-2,41%"
"13.04.2022","20,42","19,81","20,46","19,78","343,10K","1,51%"
"12.04.2022","20,12","20,48","20,54","19,97","303,87K","-2,13%"
"11.04.2022","20,56","20,73","20,91","20,56","175,73K","-1,41%"
"08.04.2022","20,85","20,71","21,08","20,63","197,82K","-0,64%"
"07.04.2022","20,98","20,92","21,04","20,66","185,27K","1,03%"
"06.04.2022","20,77","20,74","20,87","20,60","356,07K","-4,26%"
"05.04.2022","21,69","22,04","22,17","21,66","230,50K","-3,21%"
"04.04.2022","22,41","22,39","22,49","22,30","207,43K","-0,56%"
"01.04.2022","22,54","22,66","22,74","22,29","303,54K","2,23%"
"31.03.2022","22,05","22,43","22,58","22,05","445,67K","-4,60%"
"30.03.2022","23,11","23,42","23,47","23,07","434,50K","-2,23%"
"29.03.2022","23,64","23,34","23,77","23,07","730,21K","7,56%"
"28.03.2022","21,98","21,65","21,99","21,63","330,23K","2,12%"
"25.03.2022","21,52","21,51","21,67","21,34","217,33K","-1,19%"
"24.03.2022","21,78","21,61","21,86","21,45","188,02K","0,87%"
"23.03.2022","21,59","21,45","22,01","21,45","279,66K","-2,62%"
"22.03.2022","22,17","22,11","22,31","21,90","419,87K","1,27%"
"21.03.2022","21,90","21,89","22,07","21,63","466,88K","-0,61%"
"18.03.2022","22,03","20,98","22,10","20,93","663,13K","1,19%"
"17.03.2022","21,77","21,65","21,88","21,55","214,25K","-0,12%"
"16.03.2022","21,80","21,44","22,07","21,18","328,08K","5,56%"
"15.03.2022","20,65","20,46","20,73","20,14","337,85K","0,85%"
"14.03.2022","20,47","20,61","20,87","20,23","359,25K","3,77%"
"11.03.2022","19,73","20,23","20,32","19,58","424,46K","-0,51%"
"10.03.2022","19,83","19,81","20,04","19,66","446,25K","-4,68%"
"09.03.2022","20,81","20,84","21,29","20,64","1,03M","10,44%"
"08.03.2022","18,84","18,74","19,37","18,14","988,78K","6,46%"
"07.03.2022","17,70","18,66","18,77","17,58","1,39M","-7,82%"
"04.03.2022","19,20","19,57","19,66","19,03","1,10M","-8,09%"
"03.03.2022","20,89","21,51","21,59","20,78","764,16K","-3,93%"
"02.03.2022","21,74","21,40","21,98","21,26","481,82K","0,93%"
"01.03.2022","21,54","22,65","22,82","21,40","779,65K","-6,55%"
"28.02.2022","23,05","23,53","23,92","22,91","617,93K","-5,18%"
"25.02.2022","24,31","24,09","24,35","23,64","625,67K","5,08%"
"24.02.2022","23,13","22,44","23,23","22,39","1,02M","-5,01%"
"23.02.2022","24,35","25,33","25,36","24,28","386,63K","-2,64%"
"22.02.2022","25,01","25,69","25,79","24,75","595,71K","2,11%"
"18.02.2022","24,50","24,62","24,78","24,35","334,33K","-2,52%"
"17.02.2022","25,13","25,50","25,56","25,04","229,36K","-2,80%"
"16.02.2022","25,85","25,46","25,85","25,31","507,57K","-0,14%"
"15.02.2022","25,89","25,82","26,00","25,60","293,06K","6,74%"
"14.02.2022","24,26","24,08","24,47","24,02","526,57K","-3,87%"
"11.02.2022","25,23","26,11","26,21","25,17","260,80K","-1,86%"
"10.02.2022","25,71","25,77","26,34","25,66","201,86K","-1,84%"
"09.02.2022","26,19","26,26","26,68","26,06","337,30K","5,28%"
"08.02.2022","24,88","24,89","25,02","24,72","211,93K","-0,30%"
"07.02.2022","24,96","25,37","25,43","24,87","245,30K","-1,44%"
"04.02.2022","25,32","25,32","25,45","25,02","278,96K","-1,79%"
"03.02.2022","25,78","25,94","26,06","25,77","156,89K","-0,97%"
"02.02.2022","26,04","26,54","26,54","25,85","196,47K","-0,81%"
"01.02.2022","26,25","26,36","26,36","25,95","214,29K","2,19%"
"31.01.2022","25,69","25,37","25,72","25,31","264,39K","2,42%"
"28.01.2022","25,08","25,19","25,22","24,86","312,76K","-1,54%"
"27.01.2022","25,47","26,11","26,11","25,29","295,38K","-0,66%"
"26.01.2022","25,64","26,31","26,37","25,47","266,05K","2,25%"
"25.01.2022","25,08","24,71","25,21","24,49","292,14K","-0,09%"
"24.01.2022","25,10","24,54","25,13","24,39","756,70K","-3,75%"
"21.01.2022","26,08","26,13","26,35","25,89","620,52K","-2,96%"
"20.01.2022","26,87","26,86","27,24","26,81","362,07K","-0,40%"
"19.01.2022","26,98","27,41","27,44","26,86","258,63K","0,03%"
"18.01.2022","26,97","27,30","27,56","26,87","555,85K","-4,46%"
"14.01.2022","28,23","27,87","28,34","27,78","580,42K","0,99%"
"13.01.2022","27,96","28,14","28,41","27,96","369,07K","-0,82%"
"12.01.2022","28,19","27,83","28,19","27,78","270,60K","0,61%"
"11.01.2022","28,02","27,57","28,04","27,54","259,58K","1,88%"
"10.01.2022","27,50","27,70","27,70","27,02","255,23K","-0,07%"
"07.01.2022","27,52","27,38","27,61","27,19","315,74K","-0,37%"
"06.01.2022","27,62","27,51","27,76","27,31","236,29K","-0,56%"
"05.01.2022","27,78","27,93","28,27","27,72","334,56K","-0,73%"
"04.01.2022","27,98","27,36","28,00","27,36","568,07K","4,09%"
"03.01.2022","26,88","26,71","26,90","26,63","303,10K","3,01%"
"31.12.2021","26,10","26,36","26,36","25,92","295,70K","0,38%"
"30.12.2021","26,00","26,14","26,26","25,99","536,92K","-0,99%"
"29.12.2021","26,26","26,48","26,55","26,19","446,24K","-1,67%"
"28.12.2021","26,70","26,89","26,96","26,69","333,64K","-0,14%"
"27.12.2021","26,74","26,59","26,79","26,53","337,09K","-0,27%"
"23.12.2021","26,81","26,45","27,09","26,45","382,84K","2,20%"
"22.12.2021","26,23","26,03","26,26","26,00","486,56K","-0,29%"
"21.12.2021","26,31","26,42","26,53","26,23","347,07K","-0,14%"
"20.12.2021","26,35","26,65","26,74","26,20","482,13K","-0,87%"
"17.12.2021","26,58","27,03","27,03","26,54","383,96K","-5,14%"
"16.12.2021","28,02","28,37","28,44","27,97","209,52K","-0,57%"
"15.12.2021","28,18","27,89","28,18","27,79","255,76K","2,89%"
"14.12.2021","27,39","27,35","27,64","27,26","329,61K","-1,37%"
"13.12.2021","27,77","28,00","28,04","27,75","333,31K","0,10%"
"10.12.2021","27,74","27,62","27,80","27,44","255,19K","0,13%"
"09.12.2021","27,70","28,02","28,15","27,70","380,01K","-2,61%"
"08.12.2021","28,45","27,32","28,59","27,30","1,08M","7,28%"
"07.12.2021","26,52","25,70","26,81","24,76","1,25M","4,14%"
"06.12.2021","25,46","25,21","25,52","24,94","434,46K","0,14%"
"03.12.2021","25,43","25,63","25,76","25,16","583,99K","-2,54%"
"02.12.2021","26,09","26,05","26,24","25,95","459,63K","0,17%"
"01.12.2021","26,04","26,42","26,70","26,04","598,09K","4,63%"
"30.11.2021","24,89","25,02","25,17","24,67","731,95K","-2,96%"
"29.11.2021","25,65","25,89","26,02","25,45","913,75K","-1,78%"
"26.11.2021","26,11","26,33","26,47","26,10","499,97K","-3,63%"
"24.11.2021","27,10","26,67","27,12","26,61","537,00K","-3,38%"
"23.11.2021","28,04","27,95","28,20","27,79","251,99K","0,77%"
"22.11.2021","27,83","27,84","28,06","27,79","412,53K","-0,37%"
"19.11.2021","27,93","28,01","28,24","27,90","446,01K","-3,40%"
"18.11.2021","28,92","28,72","28,98","28,33","569,85K","1,71%"
"17.11.2021","28,43","27,97","28,43","27,93","482,30K","0,73%"
"16.11.2021","28,22","28,67","28,75","28,22","527,12K","-0,66%"
"15.11.2021","28,41","28,85","28,90","28,38","409,53K","-2,27%"
"12.11.2021","29,07","29,15","29,22","28,96","286,77K","-0,40%"
"11.11.2021","29,19","29,38","29,38","29,16","337,90K","0,43%"
"10.11.2021","29,06","29,45","29,54","29,02","490,77K","-1,70%"
"09.11.2021","29,57","29,73","29,76","29,40","382,04K","-0,03%"
"08.11.2021","29,57","29,76","29,97","29,27","951,19K","-4,47%"
"05.11.2021","30,96","30,79","30,96","30,56","337,46K","1,88%"
"04.11.2021","30,39","30,75","30,76","30,04","351,37K","0,06%"
"03.11.2021","30,37","29,73","30,40","29,71","429,25K","1,68%"
"02.11.2021","29,87","29,99","30,00","29,64","557,96K","-0,15%"
"01.11.2021","29,91","29,44","29,91","29,44","530,92K","2,64%"
"29.10.2021","29,14","29,41","29,54","28,90","410,43K","-1,92%"
"28.10.2021","29,72","28,23","30,04","28,17","1,40M","-0,30%"
"27.10.2021","29,81","30,01","30,06","29,66","414,96K","-2,23%"
"26.10.2021","30,48","30,55","30,58","30,35","534,38K","3,14%"
"25.10.2021","29,55","29,65","29,67","29,32","441,25K","2,23%"
"22.10.2021","28,91","28,86","29,06","28,78","347,90K","1,09%"
"21.10.2021","28,60","28,63","28,75","28,48","347,36K","1,62%"
"20.10.2021","28,14","27,43","28,20","27,39","459,57K","1,79%"
"19.10.2021","27,65","27,68","27,91","27,57","377,12K","-0,58%"
"18.10.2021","27,81","27,76","27,84","27,56","548,29K","-1,94%"
"15.10.2021","28,36","28,46","28,60","28,31","374,84K","-0,38%"
"14.10.2021","28,46","28,41","28,52","28,32","349,25K","1,79%"
"13.10.2021","27,96","28,18","28,18","27,73","249,03K","2,29%"
"12.10.2021","27,34","27,30","27,42","27,27","290,40K","-0,91%"
"11.10.2021","27,59","27,71","27,77","27,56","244,61K","-1,06%"
"08.10.2021","27,88","27,78","27,89","27,62","276,43K","0,66%"
"07.10.2021","27,70","27,47","27,85","27,35","596,57K","3,80%"
"06.10.2021","26,69","26,29","26,71","26,23","963,99K","-3,44%"
"05.10.2021","27,64","27,47","27,70","27,42","365,11K","0,08%"
"04.10.2021","27,62","27,70","27,86","27,51","390,90K","-0,87%"
"01.10.2021","27,86","27,92","27,94","27,63","250,20K","0,16%"
"30.09.2021","27,81","27,82","27,99","27,62","374,84K","-2,17%"
"29.09.2021","28,43","28,68","28,71","28,40","330,13K","0,28%"
"28.09.2021","28,35","28,83","28,88","28,08","495,32K","-1,25%"
"27.09.2021","28,71","28,43","28,73","28,43","406,92K","2,33%"
"24.09.2021","28,05","27,73","28,07","27,64","401,29K","-0,92%"
"23.09.2021","28,31","28,19","28,41","28,10","285,35K","1,60%"
"22.09.2021","27,87","27,96","28,05","27,79","228,19K","1,07%"
"21.09.2021","27,57","27,99","28,02","27,48","411,16K","1,20%"
"20.09.2021","27,24","27,20","27,41","27,03","840,03K","-4,14%"
"17.09.2021","28,42","28,77","28,85","28,20","521,07K","-3,08%"
"16.09.2021","29,32","29,38","29,42","29,10","271,59K","-1,41%"
"15.09.2021","29,74","29,77","29,83","29,49","247,07K","0,80%"
"14.09.2021","29,51","29,77","29,80","29,49","287,70K","-1,48%"
"13.09.2021","29,95","30,00","30,04","29,77","344,56K","1,42%"
"10.09.2021","29,53","29,51","29,80","29,50","418,68K","0,62%"
"09.09.2021","29,35","29,42","29,49","29,31","242,84K","-0,24%"
"08.09.2021","29,42","29,41","29,54","29,31","465,23K","-2,75%"
"07.09.2021","30,25","30,44","30,48","30,25","410,21K","-0,97%"
"03.09.2021","30,55","30,81","30,86","30,52","297,85K","-2,06%"
"02.09.2021","31,19","31,05","31,28","31,01","478,71K","1,45%"
"01.09.2021","30,74","30,16","30,92","30,12","668,50K","2,90%"
"31.08.2021","29,88","29,83","29,94","29,64","342,22K","-0,92%"
"30.08.2021","30,15","29,85","30,21","29,81","696,25K","1,44%"
"27.08.2021","29,72","29,53","29,84","29,53","189,69K","0,88%"
"26.08.2021","29,47","29,77","29,83","29,45","188,00K","-1,35%"
"25.08.2021","29,87","29,89","29,93","29,77","222,97K","0,68%"
"24.08.2021","29,67","29,63","29,83","29,55","246,02K","1,42%"
"23.08.2021","29,25","29,25","29,29","29,12","294,21K","0,18%"
"20.08.2021","29,20","29,02","29,24","28,92","291,81K","-0,88%"
"19.08.2021","29,46","29,65","29,68","29,31","567,40K","-3,12%"
"18.08.2021","30,40","30,04","30,70","29,98","312,12K","0,03%"
"17.08.2021","30,39","30,69","30,72","30,27","611,46K","-3,82%"
"16.08.2021","31,60","31,90","31,91","31,32","404,67K","-3,03%"
"13.08.2021","32,59","32,40","32,77","32,36","386,69K","-0,56%"
"12.08.2021","32,77","32,61","32,83","32,49","751,98K","3,47%"
"11.08.2021","31,67","31,12","31,75","30,97","788,36K","1,52%"
"10.08.2021","31,20","30,82","31,33","30,75","797,38K","0,34%"
"09.08.2021","31,09","30,83","31,15","30,79","437,04K","-1,00%"
"06.08.2021","31,40","30,81","31,68","30,78","1,08M","2,58%"
"05.08.2021","30,61","30,34","30,70","30,21","301,39K","-0,20%"
"04.08.2021","30,68","30,65","30,87","30,57","493,28K","-0,07%"
"03.08.2021","30,70","29,88","30,70","29,69","666,69K","2,63%"
"02.08.2021","29,91","30,08","30,21","29,81","377,27K","0,84%"
"30.07.2021","29,66","29,67","29,90","29,58","236,73K","-1,38%"
"29.07.2021","30,08","29,83","30,09","29,65","351,35K","0,99%"
"28.07.2021","29,78","29,03","29,86","28,91","343,50K","0,83%"
"27.07.2021","29,54","29,63","29,67","29,26","318,76K","-0,45%"
"26.07.2021","29,67","28,98","29,72","28,95","521,23K","1,07%"
"23.07.2021","29,36","29,68","29,68","29,15","172,03K","-0,96%"
"22.07.2021","29,64","29,83","29,83","29,45","188,97K","-1,60%"
"21.07.2021","30,13","29,56","30,25","29,54","455,78K","4,21%"
"20.07.2021","28,91","28,31","28,97","28,29","368,40K","1,70%"
"19.07.2021","28,43","28,61","28,69","28,15","438,86K","-3,37%"
"16.07.2021","29,42","30,30","30,31","29,34","327,32K","-1,28%"
"15.07.2021","29,80","29,89","29,99","29,77","401,94K","-2,16%"
"14.07.2021","30,46","30,49","30,54","30,34","276,70K","1,43%"
"13.07.2021","30,03","30,34","30,39","29,95","316,94K","-2,31%"
"12.07.2021","30,74","30,21","30,79","30,07","544,29K","2,98%"
"09.07.2021","29,85","29,44","29,91","29,31","384,75K","6,37%"
"08.07.2021","28,06","27,83","28,25","27,67","634,37K","-3,95%"
"07.07.2021","29,22","29,15","29,29","28,69","582,42K","0,99%"
"06.07.2021","28,93","29,18","29,21","28,64","765,86K","-2,84%"
"02.07.2021","29,77","29,63","29,81","29,52","210,57K","-0,10%"
"01.07.2021","29,81","29,49","29,81","29,40","432,76K","1,43%"
"30.06.2021","29,39","29,26","29,59","29,22","419,20K","-2,40%"
"29.06.2021","30,11","30,23","30,37","30,08","472,20K","2,09%"
"28.06.2021","29,49","29,71","29,72","29,31","618,60K","-2,25%"
"25.06.2021","30,17","30,39","30,39","30,02","227,02K","-0,68%"
"24.06.2021","30,38","30,54","30,56","30,26","290,71K","0,35%"
"23.06.2021","30,27","30,48","30,56","30,25","412,48K","-1,54%"
"22.06.2021","30,74","30,63","30,82","30,48","301,67K","-1,97%"
"21.06.2021","31,36","30,78","31,36","30,76","260,05K","3,66%"
"18.06.2021","30,25","30,31","30,43","30,14","416,98K","-2,87%"
"17.06.2021","31,15","31,24","31,32","30,99","235,83K","0,09%"
"16.06.2021","31,12","31,04","31,40","30,99","381,63K","-2,51%"
"15.06.2021","31,92","31,99","32,07","31,81","217,09K","-0,65%"
"14.06.2021","32,13","32,19","32,24","31,99","244,67K","-0,72%"
"11.06.2021","32,36","32,22","32,36","32,11","250,07K","0,58%"
"10.06.2021","32,17","32,28","32,43","31,89","510,43K","-1,73%"
"09.06.2021","32,74","33,16","33,21","32,72","235,26K","-0,29%"
"08.06.2021","32,83","33,34","33,36","32,72","680,00K","-4,20%"
"07.06.2021","34,27","33,80","34,27","33,69","433,50K","2,28%"
"04.06.2021","33,51","33,63","33,67","33,47","319,83K","0,00%"
"03.06.2021","33,51","33,43","33,60","32,50","620,73K","-0,58%"
"02.06.2021","33,71","33,72","33,94","33,51","628,80K","2,86%"
"01.06.2021","32,77","32,44","32,83","32,41","603,87K","1,40%"
"28.05.2021","32,32","32,25","32,71","32,12","837,30K","2,33%"
"27.05.2021","31,58","30,85","31,86","30,78","1,13M","3,73%"
"26.05.2021","30,45","30,22","30,65","30,21","290,73K","-0,09%"
"25.05.2021","30,48","30,35","30,74","30,24","424,34K","0,98%"
"24.05.2021","30,18","29,95","30,39","29,95","339,78K","0,66%"
"21.05.2021","29,98","29,63","30,03","29,45","541,81K","1,50%"
"20.05.2021","29,54","29,49","29,61","29,35","347,21K","1,24%"
"19.05.2021","29,18","28,80","29,19","28,49","282,71K","0,62%"
"18.05.2021","29,00","29,13","29,27","28,92","301,78K","-0,75%"
"17.05.2021","29,22","28,86","29,26","28,86","318,07K","1,16%"
"14.05.2021","28,88","28,87","29,00","28,70","415,50K","3,32%"
"13.05.2021","27,96","27,87","28,21","27,54","576,85K","1,92%"
"12.05.2021","27,43","27,80","27,94","27,33","881,90K","-1,89%"
"11.05.2021","27,96","27,96","28,29","27,79","413,68K","-2,22%"
"10.05.2021","28,59","28,62","28,96","28,52","576,67K","-0,47%"
"07.05.2021","28,72","28,07","28,88","28,06","713,00K","2,29%"
"06.05.2021","28,08","28,24","28,49","27,79","483,28K","0,32%"
"05.05.2021","27,99","28,19","28,34","27,22","623,74K","2,12%"
"04.05.2021","27,41","28,24","28,28","27,33","860,63K","-3,86%"
"03.05.2021","28,51","28,94","28,94","28,46","407,18K","0,60%"
"30.04.2021","28,34","28,78","28,80","28,26","493,50K","-1,21%"
"29.04.2021","28,69","29,38","29,44","28,57","880,22K","-3,09%"
"28.04.2021","29,60","29,86","29,89","29,47","424,35K","-1,30%"
"27.04.2021","29,99","29,73","30,00","29,61","434,31K","0,42%"
"26.04.2021","29,87","29,86","30,01","29,75","689,23K","-2,28%"
"23.04.2021","30,56","30,31","30,73","30,18","450,48K","1,66%"
"22.04.2021","30,06","30,37","30,39","29,95","468,08K","-1,87%"
"21.04.2021","30,64","29,42","30,68","29,27","637,71K","0,12%"
"20.04.2021","30,60","31,14","31,16","30,39","519,72K","-1,79%"
"19.04.2021","31,16","31,41","31,48","31,01","641,27K","-1,84%"
"16.04.2021","31,74","31,67","31,85","31,28","1,02M","4,66%"
"15.04.2021","30,33","30,77","30,78","30,30","747,26K","1,53%"
"14.04.2021","29,88","29,69","30,16","29,61","1,02M","-1,96%"
"13.04.2021","30,48","31,17","31,19","30,14","1,43M","-1,90%"
"12.04.2021","31,07","31,71","31,73","30,89","1,04M","-0,90%"
"09.04.2021","31,35","31,62","31,65","31,28","669,79K","-1,20%"
"08.04.2021","31,73","31,92","32,08","31,53","924,06K","-2,16%"
"07.04.2021","32,43","32,59","32,73","31,95","850,53K","-2,20%"
"06.04.2021","33,16","33,09","33,42","32,98","873,86K","-0,15%"
"05.04.2021","33,21","32,89","33,35","32,44","1,29M","4,43%"
"01.04.2021","31,80","32,50","32,88","31,73","2,35M","-1,98%"
"31.03.2021","32,44","32,18","32,95","31,59","2,45M","-3,84%"
"30.03.2021","33,74","31,39","34,84","31,30","4,21M","8,95%"
"29.03.2021","30,97","29,59","31,62","29,54","1,97M","6,52%"
"26.03.2021","29,07","29,57","30,04","28,86","1,17M","-1,03%"
"25.03.2021","29,38","29,20","29,78","28,74","1,93M","-1,85%"
"24.03.2021","29,93","31,53","31,86","29,85","2,85M","-7,46%"
"23.03.2021","32,34","32,42","33,00","31,60","2,77M","-5,85%"
"22.03.2021","34,35","32,70","35,48","31,28","4,74M","12,56%"
"19.03.2021","30,52","30,35","32,68","28,75","4,77M","-5,01%"
"18.03.2021","32,13","37,63","37,88","29,95","9,24M","-15,07%"
"17.03.2021","37,83","31,25","43,54","30,80","11,90M","29,25%"
"16.03.2021","29,27","30,09","31,28","27,92","5,22M","10,05%"
"15.03.2021","26,60","25,36","27,26","25,36","2,90M","7,17%"
"12.03.2021","24,82","24,42","24,82","24,37","921,72K","0,54%"
"11.03.2021","24,68","25,11","25,25","24,62","1,61M","-3,39%"
"10.03.2021","25,55","23,75","26,36","23,75","2,58M","7,40%"
"09.03.2021","23,79","23,22","23,92","23,06","934,81K","1,75%"
"08.03.2021","23,38","22,97","23,59","22,95","969,92K","1,48%"
"05.03.2021","23,04","23,17","23,22","22,61","813,25K","-0,08%"
"04.03.2021","23,06","23,02","23,44","22,89","1,17M","2,50%"
"03.03.2021","22,49","22,16","22,74","22,09","749,87K","5,31%"
"02.03.2021","21,36","21,25","21,44","21,16","203,59K","1,83%"
"01.03.2021","20,98","20,84","21,02","20,81","163,84K","0,22%"
"26.02.2021","20,93","21,04","21,10","20,85","235,21K","1,60%"
"25.02.2021","20,60","21,20","21,22","20,57","592,71K","-3,16%"
"24.02.2021","21,27","21,00","21,31","20,98","272,03K","1,72%"
"23.02.2021","20,91","20,76","20,98","20,56","330,38K","0,09%"
"22.02.2021","20,89","20,58","21,00","20,57","349,20K","2,19%"
"19.02.2021","20,45","20,58","20,73","20,38","699,49K","0,20%"
"18.02.2021","20,41","20,20","20,45","20,00","508,86K","3,75%"
"17.02.2021","19,67","19,56","19,70","19,49","320,31K","-0,32%"
"16.02.2021","19,73","19,62","19,81","19,62","550,05K","0,18%"
"12.02.2021","19,70","19,46","19,70","19,46","434,19K","-0,27%"
"11.02.2021","19,75","19,79","19,81","19,66","286,52K","0,87%"
"10.02.2021","19,58","19,73","19,79","19,44","225,74K","-0,50%"
"09.02.2021","19,68","19,57","19,70","19,46","328,68K","-0,59%"
"08.02.2021","19,80","19,65","19,83","19,65","259,38K","1,23%"
"05.02.2021","19,55","19,46","19,55","19,29","176,81K","1,20%"
"04.02.2021","19,32","19,39","19,43","19,23","204,29K","-1,41%"
"03.02.2021","19,60","19,33","19,60","19,31","209,41K","1,57%"
"02.02.2021","19,30","19,15","19,30","19,03","345,84K","2,25%"
"01.02.2021","18,87","18,78","18,94","18,71","221,27K","-0,07%"
"29.01.2021","18,88","18,82","19,00","18,71","255,03K","-1,19%"
"28.01.2021","19,11","19,01","19,17","19,00","205,35K","-1,00%"
"27.01.2021","19,30","19,02","19,36","18,79","470,01K","0,09%"
"26.01.2021","19,29","19,30","19,33","19,15","280,03K","1,98%"
"25.01.2021","18,91","18,87","19,00","18,64","541,98K","-3,48%"
"22.01.2021","19,59","19,55","19,63","19,38","424,22K","2,49%"
"21.01.2021","19,12","18,85","19,12","18,77","487,13K","2,15%"
"20.01.2021","18,71","18,40","18,71","18,33","386,70K","3,66%"
"19.01.2021","18,05","18,10","18,12","17,93","363,54K","0,25%"
"15.01.2021","18,01","18,20","18,22","17,93","308,23K","-1,32%"
"14.01.2021","18,25","18,27","18,39","18,25","402,06K","1,19%"
"13.01.2021","18,04","17,97","18,11","17,89","616,40K","-0,39%"
"12.01.2021","18,11","17,82","18,12","17,74","553,13K","0,05%"
"11.01.2021","18,10","17,91","18,13","17,91","321,09K","-2,60%"
"08.01.2021","18,58","18,36","18,64","18,25","451,03K","-0,88%"
"07.01.2021","18,75","18,74","18,84","18,64","267,16K","1,77%"
"06.01.2021","18,42","18,23","18,54","18,20","321,69K","0,24%"
"05.01.2021","18,37","18,11","18,51","18,08","213,72K","1,28%"
"04.01.2021","18,14","18,47","18,52","17,99","217,25K","-2,64%"
"31.12.2020","18,63","19,21","19,21","18,59","127,07K","-0,48%"
"30.12.2020","18,72","18,83","18,89","18,65","152,59K","0,63%"
"29.12.2020","18,61","18,67","18,67","18,54","103,68K","-0,07%"
"28.12.2020","18,62","18,62","18,73","18,59","229,83K","0,00%"
"24.12.2020","18,62","18,53","18,63","18,46","124,30K","0,68%"
"23.12.2020","18,49","18,32","18,52","18,23","343,07K","3,19%"
"22.12.2020","17,92","17,85","17,92","17,70","563,00K","0,40%"
"21.12.2020","17,85","17,61","17,89","17,53","230,15K","-0,75%"
"18.12.2020","17,98","18,03","18,05","17,89","175,24K","-1,53%"
"17.12.2020","18,26","18,50","18,50","18,20","190,89K","-0,76%"
"16.12.2020","18,40","18,52","18,54","18,27","236,50K","3,16%"
"15.12.2020","17,84","17,53","17,84","17,53","203,30K","6,74%"
"14.12.2020","16,71","16,96","17,00","16,69","133,45K","0,11%"
"11.12.2020","16,69","16,70","16,75","16,59","367,74K","-2,63%"
"10.12.2020","17,15","16,90","17,17","16,87","441,10K","-1,06%"
"09.12.2020","17,33","17,37","17,43","17,20","260,67K","0,88%"
"08.12.2020","17,18","17,07","17,20","17,05","183,38K","-0,26%"
"07.12.2020","17,22","17,19","17,30","17,10","162,95K","-0,93%"
"04.12.2020","17,38","17,33","17,43","17,19","121,87K","0,27%"
"03.12.2020","17,34","17,50","17,50","17,29","162,50K","-0,37%"
"02.12.2020","17,40","17,19","17,43","17,13","128,82K","-0,10%"
"01.12.2020","17,42","17,30","17,43","17,25","285,29K","5,01%"
"30.11.2020","16,59","16,80","16,85","16,58","341,52K","-3,13%"
"27.11.2020","17,12","16,99","17,15","16,98","116,41K","-2,34%"
"25.11.2020","17,53","17,47","17,53","17,37","84,39K","-1,46%"
"24.11.2020","17,79","17,57","17,79","17,52","195,83K","4,33%"
"23.11.2020","17,06","17,09","17,12","16,96","104,14K","-0,70%"
"20.11.2020","17,18","17,07","17,21","17,03","75,19K","-0,29%"
"19.11.2020","17,23","17,11","17,25","17,04","146,17K","1,45%"
"18.11.2020","16,98","16,94","17,15","16,92","144,68K","-0,57%"
"17.11.2020","17,08","17,06","17,12","16,98","144,34K","-0,32%"
"16.11.2020","17,13","17,10","17,19","16,94","181,57K","2,24%"
"13.11.2020","16,76","16,68","16,79","16,61","132,29K","2,07%"
"12.11.2020","16,42","16,45","16,61","16,38","100,99K","-1,08%"
"11.11.2020","16,60","16,59","16,62","16,49","133,32K","-0,27%"
"10.11.2020","16,64","16,46","16,71","16,36","241,87K","5,50%"
"09.11.2020","15,77","16,19","16,20","15,76","163,22K","3,28%"
"06.11.2020","15,27","15,22","15,31","15,17","65,08K","-0,29%"
"05.11.2020","15,32","15,17","15,34","15,15","210,33K","4,51%"
"04.11.2020","14,66","14,85","14,85","14,64","137,68K","-2,26%"
"03.11.2020","15,00","14,75","15,02","14,72","304,88K","4,35%"
"02.11.2020","14,37","14,20","14,38","14,20","140,70K","3,28%"
"30.10.2020","13,92","13,95","13,98","13,76","181,98K","-1,64%"
"29.10.2020","14,15","14,17","14,34","14,01","188,79K","1,87%"
"28.10.2020","13,89","13,94","14,07","13,80","387,41K","-5,53%"
"27.10.2020","14,70","14,87","14,92","14,66","415,01K","-2,89%"
"26.10.2020","15,14","15,25","15,26","15,00","230,37K","-2,64%"
"23.10.2020","15,55","15,60","15,61","15,44","451,83K","0,29%"
"22.10.2020","15,51","15,37","15,54","15,33","139,75K","0,58%"
"21.10.2020","15,42","15,59","15,62","15,40","203,03K","-1,88%"
"20.10.2020","15,71","15,57","15,72","15,54","205,80K","2,03%"
"19.10.2020","15,40","15,43","15,57","15,29","290,98K","0,17%"
"16.10.2020","15,37","15,33","15,45","15,25","133,37K","1,78%"
"15.10.2020","15,10","14,78","15,12","14,75","113,77K","-2,17%"
"14.10.2020","15,44","15,47","15,55","15,42","138,72K","0,09%"
"13.10.2020","15,43","15,51","15,51","15,37","92,19K","-1,71%"
"12.10.2020","15,69","15,72","15,78","15,66","84,86K","1,41%"
"09.10.2020","15,47","15,45","15,53","15,37","92,11K","0,14%"
"08.10.2020","15,45","15,53","15,54","15,38","76,65K","-1,26%"
"07.10.2020","15,65","15,22","15,73","15,01","89,65K","2,40%"
"06.10.2020","15,28","15,66","15,66","15,25","74,85K","-1,16%"
"05.10.2020","15,46","15,50","15,58","15,19","82,00K","3,04%"
"02.10.2020","15,01","14,79","15,07","14,78","159,77K","-1,58%"
"01.10.2020","15,25","15,33","15,33","15,02","170,06K","-3,83%"
"30.09.2020","15,85","16,21","16,21","15,65","107,68K","0,28%"
"29.09.2020","15,81","16,13","16,30","15,66","99,20K","0,51%"
"28.09.2020","15,73","15,62","15,73","15,37","124,76K","3,35%"
"25.09.2020","15,22","14,92","15,47","14,86","191,01K","-0,99%"
"24.09.2020","15,37","15,31","15,51","15,16","214,65K","2,32%"
"23.09.2020","15,02","15,32","15,41","14,97","199,29K","-1,58%"
"22.09.2020","15,26","15,34","15,37","15,11","96,18K","0,44%"
"21.09.2020","15,20","15,40","15,42","15,01","206,64K","-5,00%"
"18.09.2020","16,00","16,24","16,24","15,87","197,46K","-2,85%"
"17.09.2020","16,47","16,30","16,55","16,23","83,53K","-0,35%"
"16.09.2020","16,52","16,53","16,66","16,44","113,91K","-0,11%"
"15.09.2020","16,54","16,77","16,82","16,54","84,26K","-0,83%"
"14.09.2020","16,68","16,75","16,83","16,64","105,01K","-1,15%"
"11.09.2020","16,87","16,90","16,92","16,70","142,73K","-0,20%"
"10.09.2020","16,91","17,16","17,25","16,80","234,01K","-0,95%"
"09.09.2020","17,07","17,03","17,18","16,96","176,57K","3,13%"
"08.09.2020","16,55","16,51","16,75","16,50","173,96K","2,72%"
"04.09.2020","16,11","16,13","16,26","15,84","141,81K","1,75%"
"03.09.2020","15,84","16,10","16,17","15,73","152,29K","-0,51%"
"02.09.2020","15,92","15,71","15,93","15,64","99,37K","0,28%"
"01.09.2020","15,87","15,77","15,97","15,68","197,98K","-0,95%"
"31.08.2020","16,02","16,27","16,27","15,97","80,00K","-0,78%"
"28.08.2020","16,15","16,10","16,18","16,06","82,09K","0,45%"
"27.08.2020","16,08","16,35","16,35","15,95","154,89K","-0,50%"
"26.08.2020","16,16","16,02","16,17","15,93","102,36K","1,97%"
"25.08.2020","15,85","15,84","15,85","15,73","43,04K","0,60%"
"24.08.2020","15,75","15,57","15,79","15,56","73,86K","1,47%"
"21.08.2020","15,52","15,36","15,55","15,36","47,66K","-1,53%"
"20.08.2020","15,76","15,60","15,77","15,55","83,26K","-0,93%"
"19.08.2020","15,91","16,00","16,10","15,89","53,52K","-0,48%"
"18.08.2020","15,99","16,09","16,09","15,92","68,99K","0,17%"
"17.08.2020","15,96","16,04","16,05","15,93","74,64K","0,68%"
"14.08.2020","15,85","15,76","15,89","15,74","39,82K","0,17%"
"13.08.2020","15,83","15,93","16,00","15,73","49,10K","-1,61%"
"12.08.2020","16,09","16,17","16,20","16,02","89,17K","3,03%"
"11.08.2020","15,61","15,77","15,87","15,61","73,56K","2,40%"
"10.08.2020","15,25","15,19","15,26","15,16","52,55K","0,59%"
"07.08.2020","15,16","15,22","15,23","15,06","79,57K","-1,80%"
"06.08.2020","15,43","15,34","15,51","15,31","45,83K","1,02%"
"05.08.2020","15,28","15,30","15,43","15,24","80,02K","0,68%"
"04.08.2020","15,18","14,92","15,18","14,92","73,72K","4,49%"
"03.08.2020","14,52","14,43","14,60","14,39","307,30K","4,03%"
"31.07.2020","13,96","14,30","14,32","13,85","156,36K","-5,02%"
"30.07.2020","14,70","14,49","14,74","14,34","104,37K","-4,17%"
"29.07.2020","15,34","15,26","15,34","15,19","46,27K","-1,10%"
"28.07.2020","15,51","15,57","15,64","15,47","53,56K","-1,28%"
"27.07.2020","15,71","15,61","15,74","15,60","82,73K","1,03%"
"24.07.2020","15,55","15,53","15,60","15,51","120,05K","0,09%"
"23.07.2020","15,53","15,71","15,75","15,51","91,41K","-0,34%"
"22.07.2020","15,59","15,41","15,60","15,40","103,39K","1,10%"
"21.07.2020","15,42","15,54","15,58","15,40","79,11K","0,94%"
"20.07.2020","15,27","15,15","15,27","15,06","110,16K","0,23%"
"17.07.2020","15,24","15,36","15,41","15,07","97,36K","-0,09%"
"16.07.2020","15,25","15,15","15,31","15,14","100,31K","0,71%"
"15.07.2020","15,14","15,33","15,34","15,02","232,65K","2,14%"
"14.07.2020","14,83","14,59","14,86","14,59","72,17K","2,28%"
"13.07.2020","14,50","14,81","14,84","14,45","82,63K","-2,76%"
"10.07.2020","14,91","14,69","14,93","14,64","80,84K","2,90%"
"09.07.2020","14,49","14,76","14,76","14,34","56,85K","-0,87%"
"08.07.2020","14,61","14,30","14,66","14,30","104,36K","1,60%"
"07.07.2020","14,38","14,65","14,67","14,36","71,45K","-2,69%"
"06.07.2020","14,78","14,90","14,95","14,73","79,81K","1,47%"
"02.07.2020","14,57","14,75","14,87","14,54","85,63K","1,88%"
"01.07.2020","14,30","14,29","14,50","14,29","72,36K","-1,08%"
"30.06.2020","14,46","14,19","14,54","14,19","97,08K","1,03%"
"29.06.2020","14,31","14,34","14,54","14,25","79,65K","0,82%"
"26.06.2020","14,19","14,55","14,55","14,16","73,76K","-2,16%"
"25.06.2020","14,50","14,30","14,51","14,21","62,33K","2,59%"
"24.06.2020","14,14","14,43","14,43","14,09","103,86K","-2,94%"
"23.06.2020","14,57","14,91","14,92","14,57","107,90K","1,09%"
"22.06.2020","14,41","14,32","14,41","14,19","80,69K","2,25%"
"19.06.2020","14,09","14,42","14,42","14,02","74,87K","-1,74%"
"18.06.2020","14,34","14,28","14,43","14,26","92,36K","-1,92%"
"17.06.2020","14,63","14,71","14,75","14,50","61,83K","-0,70%"
"16.06.2020","14,73","14,93","15,01","14,66","139,02K","-1,11%"
"15.06.2020","14,89","14,57","14,96","14,50","84,92K","1,18%"
"12.06.2020","14,72","14,84","14,98","14,53","79,47K","2,87%"
"11.06.2020","14,31","14,75","14,99","14,22","143,35K","-8,98%"
"10.06.2020","15,72","15,73","15,89","15,52","101,88K","0,17%"
"09.06.2020","15,69","15,87","15,89","15,64","156,27K","-3,09%"
"08.06.2020","16,19","16,21","16,27","15,83","190,65K","3,37%"
"05.06.2020","15,67","15,82","15,91","15,63","190,07K","2,10%"
"04.06.2020","15,34","15,16","15,44","15,06","115,36K","0,12%"
"03.06.2020","15,33","15,10","15,33","15,03","125,73K","3,81%"
"02.06.2020","14,76","14,65","14,76","14,57","166,70K","1,66%"
"01.06.2020","14,52","14,35","14,62","14,35","118,33K","2,98%"
"29.05.2020","14,10","14,14","14,22","13,96","183,25K","-3,01%"
"28.05.2020","14,54","14,64","14,74","14,50","145,43K","-2,92%"
"27.05.2020","14,98","14,99","15,05","14,71","198,64K","6,28%"
"26.05.2020","14,09","14,13","14,30","14,08","260,14K","4,06%"
"22.05.2020","13,54","13,73","13,73","13,51","93,77K","-0,49%"
"21.05.2020","13,61","13,76","13,84","13,56","201,12K","-0,98%"
"20.05.2020","13,75","13,62","13,84","13,59","183,56K","3,36%"
"19.05.2020","13,30","13,44","13,51","13,22","167,02K","-1,13%"
"18.05.2020","13,45","13,32","13,49","13,17","268,91K","6,81%"
"15.05.2020","12,59","12,51","12,66","12,51","96,12K","1,37%"
"14.05.2020","12,42","12,11","12,47","11,91","141,25K","-0,50%"
"13.05.2020","12,49","12,92","12,92","12,40","163,05K","-4,18%"
"12.05.2020","13,03","13,33","13,39","13,02","269,10K","-2,67%"
"11.05.2020","13,39","13,26","13,39","13,20","164,13K","0,20%"
"08.05.2020","13,36","13,24","13,47","13,17","160,00K","3,25%"
"07.05.2020","12,94","12,85","13,07","12,82","187,02K","0,91%"
"06.05.2020","12,82","13,01","13,08","12,82","124,97K","-1,31%"
"05.05.2020","12,99","13,02","13,15","12,91","177,42K","2,97%"
"04.05.2020","12,62","12,60","12,68","12,45","254,48K","-1,74%"
"01.05.2020","12,84","13,16","13,40","12,84","156,27K","-3,82%"
"30.04.2020","13,35","13,27","13,43","13,14","152,15K","-5,80%"
"29.04.2020","14,17","13,96","14,25","13,96","153,50K","7,74%"
"28.04.2020","13,16","13,41","13,44","13,11","136,26K","2,22%"
"27.04.2020","12,87","12,70","12,91","12,64","149,18K","3,34%"
"24.04.2020","12,45","12,53","12,53","12,25","140,96K","0,22%"
"23.04.2020","12,43","12,40","12,76","12,38","129,22K","-0,32%"
"22.04.2020","12,47","12,50","12,50","12,35","156,23K","0,00%"
"21.04.2020","12,47","12,54","12,61","12,37","230,88K","-4,87%"
"20.04.2020","13,11","13,04","13,37","12,97","234,14K","0,20%"
"17.04.2020","13,08","12,99","13,14","12,86","354,63K","2,95%"
"16.04.2020","12,71","12,71","12,80","12,57","256,77K","1,61%"
"15.04.2020","12,51","12,56","12,71","12,46","122,38K","-4,93%"
"14.04.2020","13,16","13,31","13,46","13,04","215,81K","2,01%"
"13.04.2020","12,90","12,91","13,05","12,66","133,80K","-0,89%"
"09.04.2020","13,01","12,85","13,15","12,85","258,32K","4,00%"
"08.04.2020","12,51","12,40","12,53","12,29","225,42K","1,52%"
"07.04.2020","12,32","12,50","12,57","12,12","242,79K","2,00%"
"06.04.2020","12,08","11,49","12,08","11,43","317,36K","9,12%"
"03.04.2020","11,07","11,13","11,13","10,94","258,72K","-1,51%"
"02.04.2020","11,24","11,03","11,38","11,02","211,89K","2,17%"
"01.04.2020","11,00","11,20","11,35","10,98","228,59K","-6,01%"
"31.03.2020","11,71","11,60","11,93","11,54","259,94K","0,66%"
"30.03.2020","11,63","11,43","11,68","11,18","344,65K","-0,73%"
"27.03.2020","11,72","11,47","12,02","11,37","249,17K","-5,95%"
"26.03.2020","12,46","11,78","12,49","11,75","268,29K","4,50%"
"25.03.2020","11,92","11,48","12,09","11,26","317,83K","7,58%"
"24.03.2020","11,08","10,81","11,22","10,62","350,79K","11,79%"
"23.03.2020","9,91","9,94","10,12","9,65","386,30K","3,86%"
"20.03.2020","9,54","10,04","10,35","9,51","522,99K","-6,07%"
"19.03.2020","10,16","10,00","10,36","9,84","907,65K","4,12%"
"18.03.2020","9,76","9,98","10,15","9,47","565,57K","-10,93%"
"17.03.2020","10,96","10,73","11,39","10,52","398,99K","6,42%"
"16.03.2020","10,30","10,26","10,86","10,14","657,55K","-14,27%"
"13.03.2020","12,01","12,32","12,32","11,33","527,55K","4,17%"
"12.03.2020","11,53","12,22","12,25","11,25","448,73K","-14,51%"
"11.03.2020","13,49","13,96","13,98","13,41","337,84K","-5,15%"
"10.03.2020","14,22","14,20","14,27","13,65","260,63K","5,45%"
"09.03.2020","13,48","13,83","14,13","13,41","415,51K","-10,51%"
"06.03.2020","15,07","14,93","15,14","14,89","128,98K","0,54%"
"05.03.2020","14,99","15,13","15,25","14,91","184,14K","-4,72%"
"04.03.2020","15,73","15,53","15,76","15,44","139,15K","3,47%"
"03.03.2020","15,20","15,52","15,75","15,10","215,66K","-1,39%"
"02.03.2020","15,42","15,31","15,44","15,01","169,11K","2,62%"
"28.02.2020","15,02","14,29","15,11","14,25","399,20K","3,51%"
"27.02.2020","14,51","14,67","14,93","14,51","239,18K","-3,62%"
"26.02.2020","15,06","15,26","15,31","15,03","192,92K","0,60%"
"25.02.2020","14,97","15,28","15,29","14,94","148,23K","-1,76%"
"24.02.2020","15,24","15,27","15,39","15,24","153,61K","-6,06%"
"21.02.2020","16,22","16,30","16,31","16,19","57,81K","-1,57%"
"20.02.2020","16,48","16,54","16,56","16,35","80,24K","-0,28%"
"19.02.2020","16,53","16,49","16,53","16,45","42,27K","0,37%"
"18.02.2020","16,47","16,43","16,52","16,40","48,76K","-0,67%"
"14.02.2020","16,58","16,75","16,77","16,53","49,99K","-0,86%"
"13.02.2020","16,72","16,80","16,82","16,72","90,95K","-1,78%"
"12.02.2020","17,03","16,94","17,03","16,89","134,17K","3,66%"
"11.02.2020","16,42","16,44","16,46","16,39","104,76K","0,87%"
"10.02.2020","16,28","16,20","16,28","16,15","119,34K","-1,30%"
"07.02.2020","16,50","16,44","16,57","16,44","44,16K","-2,28%"
"06.02.2020","16,88","16,96","16,96","16,82","81,98K","-0,11%"
"05.02.2020","16,90","16,93","16,95","16,81","72,30K","1,18%"
"04.02.2020","16,70","16,61","16,70","16,58","84,10K","3,26%"
"03.02.2020","16,18","16,13","16,27","16,13","92,60K","-0,98%"
"31.01.2020","16,34","16,29","16,43","16,27","564,58K","-1,24%"
"30.01.2020","16,54","16,38","16,54","16,31","236,37K","-0,64%"
"29.01.2020","16,65","16,86","16,88","16,65","173,48K","-1,38%"
"28.01.2020","16,88","16,77","16,88","16,74","101,07K","0,43%"
"27.01.2020","16,81","16,73","16,86","16,70","97,03K","-2,18%"
"24.01.2020","17,19","17,45","17,45","17,14","81,22K","-2,04%"
"23.01.2020","17,54","17,50","17,54","17,37","82,93K","-0,91%"
"22.01.2020","17,70","17,75","17,75","17,67","111,05K","-1,39%"
"21.01.2020","17,95","18,05","18,09","17,91","103,58K","1,01%"
"17.01.2020","17,78","17,80","17,82","17,75","122,88K","-0,20%"
"16.01.2020","17,81","17,75","17,81","17,72","114,18K","-0,65%"
"15.01.2020","17,93","17,86","18,00","17,83","83,90K","-0,79%"
"14.01.2020","18,07","18,01","18,14","18,00","86,61K","-0,10%"
"13.01.2020","18,09","18,07","18,10","18,03","58,86K","0,10%"
"10.01.2020","18,07","18,12","18,19","18,04","105,25K","1,68%"
"09.01.2020","17,77","17,77","17,87","17,69","99,18K","1,09%"
"08.01.2020","17,58","17,34","17,60","17,33","232,01K","0,77%"
"07.01.2020","17,45","17,50","17,61","17,39","181,25K","-0,51%"
"06.01.2020","17,53","17,30","17,56","17,28","115,27K","1,08%"
"03.01.2020","17,35","17,36","17,46","17,32","35,54K","-2,41%"
"02.01.2020","17,78","17,58","17,78","17,55","71,03K","3,11%"
"31.12.2019","17,24","17,36","17,36","17,11","25,52K","0,56%"
"30.12.2019","17,14","17,25","17,43","17,14","46,27K","-1,12%"
"27.12.2019","17,34","17,36","17,39","17,32","111,18K","0,57%"
"26.12.2019","17,24","17,09","17,32","17,09","65,55K","0,52%"
"24.12.2019","17,15","17,29","17,29","17,12","29,83K","-0,26%"
"23.12.2019","17,19","17,13","17,22","17,11","97,35K","-0,44%"
"20.12.2019","17,27","17,30","17,31","17,20","59,63K","-0,54%"
"19.12.2019","17,36","17,34","17,39","17,26","79,83K","-1,12%"
"18.12.2019","17,56","17,53","17,57","17,52","36,06K","-0,61%"
"17.12.2019","17,67","17,72","17,74","17,61","40,39K","-0,75%"
"16.12.2019","17,80","17,82","17,86","17,78","53,72K","-0,10%"
"13.12.2019","17,82","18,10","18,14","17,82","121,99K","0,76%"
"12.12.2019","17,69","17,52","17,70","17,51","110,56K","0,61%"
"11.12.2019","17,58","17,45","17,60","17,45","54,05K","1,65%"
"10.12.2019","17,29","17,15","17,32","17,15","57,79K","0,94%"
"09.12.2019","17,13","17,36","17,36","17,13","57,82K","-1,29%"
"06.12.2019","17,36","17,30","17,37","17,28","56,39K","0,62%"
"05.12.2019","17,25","17,24","17,29","17,18","66,23K","0,78%"
"04.12.2019","17,11","17,17","17,20","17,10","66,95K","-0,52%"
"03.12.2019","17,20","17,15","17,22","16,93","206,65K","0,79%"
"02.12.2019","17,07","17,14","17,16","17,03","156,31K","0,50%"
"29.11.2019","16,98","17,04","17,06","16,98","28,45K","-1,86%"
"27.11.2019","17,31","17,36","17,38","17,26","50,68K","0,36%"
"26.11.2019","17,24","17,22","17,25","17,19","37,12K","-0,44%"
"25.11.2019","17,32","17,30","17,39","17,28","55,28K","-0,31%"
"22.11.2019","17,37","17,45","17,46","17,34","24,18K","-0,46%"
"21.11.2019","17,45","17,41","17,48","17,29","72,60K","1,09%"
"20.11.2019","17,27","17,36","17,41","17,23","48,53K","-1,43%"
"19.11.2019","17,52","17,63","17,64","17,46","107,94K","1,14%"
"18.11.2019","17,32","17,30","17,37","17,17","78,83K","-3,10%"
"15.11.2019","17,87","17,74","17,88","17,74","65,55K","1,32%"
"14.11.2019","17,64","17,58","17,65","17,54","36,11K","0,00%"
"13.11.2019","17,64","17,55","17,66","17,55","48,31K","-0,90%"
"12.11.2019","17,80","17,84","17,84","17,77","47,16K","0,14%"
"11.11.2019","17,78","17,69","17,83","17,66","78,68K","-0,19%"
"08.11.2019","17,81","17,78","17,84","17,70","40,56K","-0,60%"
"07.11.2019","17,92","17,90","17,99","17,78","70,98K","2,24%"
"06.11.2019","17,53","17,50","17,57","17,50","27,84K","-0,36%"
"05.11.2019","17,59","17,57","17,63","17,50","80,47K","0,00%"
"04.11.2019","17,59","17,62","17,64","17,56","77,94K","2,29%"
"01.11.2019","17,19","17,12","17,19","17,09","68,84K","1,58%"
"31.10.2019","16,93","16,93","16,93","16,83","51,09K","-1,87%"
"30.10.2019","17,25","17,11","17,26","17,04","43,10K","1,31%"
"29.10.2019","17,03","17,08","17,10","17,01","64,47K","-0,78%"
"28.10.2019","17,16","17,06","17,19","17,03","79,68K","1,86%"
"25.10.2019","16,85","16,91","16,92","16,83","96,60K","-1,00%"
"24.10.2019","17,02","16,98","17,04","16,88","186,06K","0,53%"
"23.10.2019","16,93","16,86","16,94","16,81","95,92K","1,01%"
"22.10.2019","16,76","16,81","16,90","16,70","132,79K","-0,29%"
"21.10.2019","16,81","16,89","16,89","16,77","112,14K","0,62%"
"18.10.2019","16,70","16,69","16,71","16,61","222,17K","0,00%"
"17.10.2019","16,70","16,72","16,81","16,54","509,57K","1,08%"
"16.10.2019","16,52","16,44","16,57","16,38","150,66K","2,49%"
"15.10.2019","16,12","15,99","16,21","15,93","119,86K","1,29%"
"14.10.2019","15,92","15,93","15,97","15,86","55,77K","0,74%"
"11.10.2019","15,80","15,63","15,94","15,63","191,38K","4,80%"
"10.10.2019","15,08","14,94","15,18","14,94","98,32K","2,66%"
"09.10.2019","14,69","14,74","14,74","14,67","72,08K","0,69%"
"08.10.2019","14,59","14,57","14,67","14,53","78,47K","0,12%"
"07.10.2019","14,57","14,52","14,64","14,52","176,20K","-0,49%"
"04.10.2019","14,64","14,51","14,64","14,50","82,18K","-0,85%"
"03.10.2019","14,76","14,75","14,78","14,56","251,66K","0,61%"
"02.10.2019","14,67","14,77","14,84","14,65","138,40K","-2,55%"
"01.10.2019","15,06","15,23","15,26","14,97","101,70K","-1,63%"
"30.09.2019","15,31","15,25","15,32","15,25","39,50K","0,87%"
"27.09.2019","15,18","15,22","15,28","15,15","45,85K","0,00%"
"26.09.2019","15,18","15,21","15,22","15,10","57,31K","0,09%"
"25.09.2019","15,17","15,06","15,18","15,05","55,84K","0,12%"
"24.09.2019","15,15","15,24","15,29","15,14","88,91K","-3,03%"
"23.09.2019","15,62","15,58","15,64","15,52","63,62K","-1,63%"
"20.09.2019","15,88","15,90","15,92","15,82","114,19K","0,40%"
"19.09.2019","15,82","15,91","15,91","15,82","54,38K","0,28%"
"18.09.2019","15,77","15,74","15,79","15,70","57,89K","0,00%"
"17.09.2019","15,77","15,59","15,77","15,57","58,62K","-0,28%"
"16.09.2019","15,82","15,85","15,86","15,80","39,62K","-0,39%"
"13.09.2019","15,88","15,97","15,98","15,85","54,61K","0,60%"
"12.09.2019","15,79","15,66","15,83","15,62","64,38K","1,31%"
"11.09.2019","15,58","15,64","15,65","15,43","94,05K","-0,09%"
"10.09.2019","15,60","15,61","15,64","15,53","149,70K","1,57%"
"09.09.2019","15,35","15,39","15,43","15,35","72,45K","2,20%"
"06.09.2019","15,02","15,15","15,15","14,93","144,00K","-0,47%"
"05.09.2019","15,09","15,19","15,25","15,08","101,33K","1,78%"
"04.09.2019","14,83","14,84","14,84","14,77","89,77K","1,75%"
"03.09.2019","14,58","14,53","14,59","14,48","94,41K","0,37%"
"30.08.2019","14,52","14,73","14,76","14,47","47,98K","0,14%"
"29.08.2019","14,50","14,58","14,58","14,48","54,37K","1,11%"
"28.08.2019","14,34","14,30","14,40","14,25","91,58K","-0,43%"
"27.08.2019","14,41","14,51","14,51","14,37","85,78K","1,07%"
"26.08.2019","14,25","14,31","14,32","14,23","100,29K","0,52%"
"23.08.2019","14,18","14,28","14,41","14,17","94,86K","-1,14%"
"22.08.2019","14,34","14,46","14,52","14,31","67,48K","-0,64%"
"21.08.2019","14,44","14,51","14,52","14,39","105,05K","1,53%"
"20.08.2019","14,22","14,27","14,33","14,22","75,81K","-1,12%"
"19.08.2019","14,38","14,48","14,49","14,38","107,20K","0,94%"
"16.08.2019","14,25","14,07","14,25","14,07","113,88K","1,08%"
"15.08.2019","14,09","14,15","14,16","14,00","97,14K","-0,82%"
"14.08.2019","14,21","14,25","14,28","14,19","98,80K","-3,16%"
"13.08.2019","14,67","14,42","14,84","14,42","99,61K","1,72%"
"12.08.2019","14,42","14,54","14,60","14,42","85,50K","-0,55%"
"09.08.2019","14,50","14,58","14,64","14,50","178,09K","-1,99%"
"08.08.2019","14,80","14,79","14,89","14,76","47,52K","0,06%"
"07.08.2019","14,79","14,67","14,83","14,64","71,30K","0,36%"
"06.08.2019","14,74","14,79","14,81","14,65","107,93K","1,10%"
"05.08.2019","14,58","14,66","14,73","14,44","113,11K","-2,34%"
"02.08.2019","14,92","14,85","15,04","14,78","65,19K","0,00%"
"01.08.2019","14,92","15,20","15,31","14,92","72,64K","-1,59%"
"31.07.2019","15,17","15,51","15,52","15,01","53,10K","-1,79%"
"30.07.2019","15,44","15,42","15,50","15,36","59,31K","-1,54%"
"29.07.2019","15,68","15,56","15,68","15,53","60,18K","-0,57%"
"26.07.2019","15,77","15,75","15,81","15,70","41,99K","0,68%"
"25.07.2019","15,67","15,76","15,82","15,60","82,47K","-2,61%"
"24.07.2019","16,09","16,06","16,09","15,99","46,19K","0,87%"
"23.07.2019","15,95","15,84","15,97","15,82","55,81K","3,99%"
"22.07.2019","15,34","15,41","15,48","15,34","65,87K","0,06%"
"19.07.2019","15,33","15,31","15,41","15,28","39,05K","0,00%"
"18.07.2019","15,33","15,38","15,41","15,26","996,61K","-1,04%"
"17.07.2019","15,49","15,60","15,60","15,45","42,18K","-1,42%"
"16.07.2019","15,71","15,67","15,77","15,62","53,35K","-0,28%"
"15.07.2019","15,76","15,77","15,78","15,72","90,51K","1,32%"
"12.07.2019","15,55","15,67","15,73","15,52","69,69K","0,64%"
"11.07.2019","15,45","15,47","15,55","15,36","295,69K","-0,35%"
"10.07.2019","15,51","15,62","15,63","15,46","29,92K","-0,37%"
"09.07.2019","15,56","15,56","15,62","15,45","148,95K","-0,77%"
"08.07.2019","15,68","15,69","15,72","15,64","48,35K","-0,17%"
"05.07.2019","15,71","15,73","15,76","15,62","28,56K","0,06%"
"03.07.2019","15,70","15,73","15,74","15,64","75,41K","1,44%"
"02.07.2019","15,48","15,43","15,48","15,38","69,92K","0,96%"
"01.07.2019","15,33","15,42","15,45","15,27","83,48K","0,32%"
"28.06.2019","15,28","15,17","15,33","15,16","126,50K","0,50%"
"27.06.2019","15,21","15,26","15,26","15,18","50,09K","0,31%"
"26.06.2019","15,16","15,18","15,19","15,11","71,28K","1,63%"
"25.06.2019","14,92","15,10","15,11","14,88","78,54K","-1,48%"
"24.06.2019","15,14","15,17","15,24","15,14","54,72K","0,00%"
"21.06.2019","15,14","15,28","15,28","15,14","63,77K","-0,39%"
"20.06.2019","15,20","15,25","15,30","15,10","94,82K","1,17%"
"19.06.2019","15,02","14,89","15,04","14,84","65,05K","1,88%"
"18.06.2019","14,75","14,59","14,84","14,59","67,27K","1,85%"
"17.06.2019","14,48","14,50","14,57","14,48","82,46K","0,56%"
"14.06.2019","14,40","14,46","14,46","14,37","114,20K","-1,62%"
"13.06.2019","14,63","14,72","14,75","14,62","50,43K","0,00%"
"12.06.2019","14,63","14,70","14,70","14,61","119,85K","-1,12%"
"11.06.2019","14,80","14,92","14,92","14,76","97,94K","0,73%"
"10.06.2019","14,69","14,63","14,79","14,63","81,34K","0,43%"
"07.06.2019","14,63","14,59","14,73","14,59","65,85K","-0,13%"
"06.06.2019","14,65","14,63","14,70","14,50","93,72K","0,50%"
"05.06.2019","14,58","14,67","14,69","14,50","80,06K","-1,68%"
"04.06.2019","14,83","14,71","14,83","14,70","122,82K","3,10%"
"03.06.2019","14,38","14,15","14,38","14,15","100,89K","1,96%"
"31.05.2019","14,10","14,00","14,15","14,00","123,61K","-1,99%"
"30.05.2019","14,39","14,34","14,40","14,30","126,41K","-0,25%"
"29.05.2019","14,42","14,39","14,48","14,34","76,78K","-0,75%"
"28.05.2019","14,53","14,77","14,79","14,52","95,95K","0,54%"
"24.05.2019","14,46","14,43","14,48","14,38","70,12K","1,78%"
"23.05.2019","14,20","14,11","14,28","14,08","106,68K","-1,84%"
"22.05.2019","14,47","14,53","14,54","14,47","70,92K","-1,35%"
"21.05.2019","14,67","14,56","14,67","14,48","71,95K","0,13%"
"20.05.2019","14,65","14,51","14,65","14,48","56,11K","-1,27%"
"17.05.2019","14,84","14,87","14,94","14,84","39,88K","-0,24%"
"16.05.2019","14,87","14,91","14,98","14,84","101,70K","-1,65%"
"15.05.2019","15,12","14,49","15,28","14,44","147,36K","0,53%"
"14.05.2019","15,04","15,00","15,12","14,92","93,92K","0,42%"
"13.05.2019","14,98","14,86","15,22","14,77","134,71K","-2,39%"
"10.05.2019","15,34","15,43","15,44","15,19","174,69K","-2,39%"
"09.05.2019","15,72","15,40","15,76","15,35","63,33K","0,46%"
"08.05.2019","15,65","15,53","15,74","15,51","71,98K","0,86%"
"07.05.2019","15,51","15,67","15,67","15,42","161,39K","-3,50%"
"06.05.2019","16,08","15,76","16,11","15,74","59,79K","-1,91%"
"03.05.2019","16,39","16,33","16,42","16,27","44,78K","0,49%"
"02.05.2019","16,31","16,60","16,61","16,29","90,37K","3,69%"
"01.05.2019","15,73","15,90","16,02","15,73","56,46K","-1,54%"
"30.04.2019","15,98","15,97","15,99","15,83","140,85K","-0,26%"
"29.04.2019","16,02","15,89","16,07","15,89","103,95K","0,74%"
"26.04.2019","15,90","15,88","15,96","15,83","95,89K","0,11%"
"25.04.2019","15,88","15,91","15,93","15,80","74,98K","-1,44%"
"24.04.2019","16,11","16,13","16,24","15,18","98,57K","-2,12%"
"23.04.2019","16,46","16,42","16,48","16,33","82,16K","-1,86%"
"22.04.2019","16,77","16,66","16,84","16,66","59,74K","0,21%"
"18.04.2019","16,74","16,70","16,79","16,62","126,36K","0,59%"
"17.04.2019","16,64","16,62","16,67","16,59","225,99K","3,16%"
"16.04.2019","16,13","16,12","16,17","16,06","97,53K","1,06%"
"15.04.2019","15,96","15,92","15,99","15,88","117,26K","1,02%"
"12.04.2019","15,80","15,77","15,81","15,70","105,46K","1,73%"
"11.04.2019","15,53","15,44","15,55","15,43","175,46K","1,64%"
"10.04.2019","15,28","15,14","15,30","15,14","114,26K","0,21%"
"09.04.2019","15,25","15,25","15,33","15,21","60,57K","-1,36%"
"08.04.2019","15,46","15,46","15,50","15,42","113,11K","2,06%"
"05.04.2019","15,15","15,34","15,35","14,97","92,86K","-1,91%"
"04.04.2019","15,44","15,40","15,51","15,36","112,97K","1,02%"
"03.04.2019","15,29","15,31","15,32","15,26","254,91K","1,39%"
"02.04.2019","15,08","14,98","15,12","14,96","176,26K","1,21%"
"01.04.2019","14,90","14,82","14,92","14,78","126,00K","2,64%"
"29.03.2019","14,51","14,48","14,54","14,38","86,66K","0,78%"
"28.03.2019","14,40","14,37","14,42","14,28","537,43K","0,22%"
"27.03.2019","14,37","14,48","14,49","14,26","90,06K","0,00%"
"26.03.2019","14,38","14,35","14,40","14,34","128,65K","-0,98%"
"25.03.2019","14,52","14,49","14,54","14,42","56,09K","0,84%"
"22.03.2019","14,40","14,67","14,68","14,40","108,06K","-3,99%"
"21.03.2019","15,00","15,01","15,06","14,93","77,72K","-1,35%"
"20.03.2019","15,20","15,03","15,34","15,02","84,78K","-1,19%"
"19.03.2019","15,39","15,51","15,54","15,32","361,27K","2,53%"
"18.03.2019","15,01","14,96","15,04","14,96","154,25K","0,78%"
"15.03.2019","14,89","14,98","15,01","14,87","78,11K","0,42%"
"14.03.2019","14,83","15,03","15,07","14,75","102,08K","-2,07%"
"13.03.2019","15,14","15,13","15,19","15,01","62,25K","1,04%"
"12.03.2019","14,98","15,04","15,04","14,90","100,01K","-0,97%"
"11.03.2019","15,13","15,13","15,14","15,05","86,94K","-0,41%"
"08.03.2019","15,19","15,06","15,19","15,06","48,77K","-0,41%"
"07.03.2019","15,26","15,41","15,41","15,21","146,28K","-2,07%"
"06.03.2019","15,58","15,68","15,68","15,53","90,34K","-0,91%"
"05.03.2019","15,72","15,89","15,89","15,69","220,10K","-0,79%"
"04.03.2019","15,85","15,97","15,97","15,78","229,16K","-1,23%"
"01.03.2019","16,04","15,96","16,07","15,93","76,04K","1,93%"
"28.02.2019","15,74","15,70","15,82","15,67","120,79K","-0,06%"
"27.02.2019","15,75","15,84","15,84","15,69","89,38K","-0,20%"
"26.02.2019","15,78","15,69","15,82","15,69","98,94K","0,60%"
"25.02.2019","15,68","15,78","15,79","15,68","119,88K","2,39%"
"22.02.2019","15,32","15,26","15,40","15,16","66,70K","0,35%"
"21.02.2019","15,26","15,18","15,31","15,18","41,15K","-0,12%"
"20.02.2019","15,28","15,21","15,35","15,18","134,52K","3,02%"
"19.02.2019","14,84","14,63","14,89","14,63","88,18K","-0,06%"
"15.02.2019","14,84","14,86","14,91","14,77","108,08K","0,91%"
"14.02.2019","14,71","14,72","14,78","14,66","73,68K","-0,24%"
"13.02.2019","14,75","14,86","14,90","14,72","105,66K","-0,42%"
"12.02.2019","14,81","14,73","14,84","14,73","91,48K","2,54%"
"11.02.2019","14,44","14,46","14,50","14,43","98,45K","-1,10%"
"08.02.2019","14,60","14,57","14,63","14,42","86,67K","-1,74%"
"07.02.2019","14,86","15,02","15,03","14,82","73,20K","-2,92%"
"06.02.2019","15,31","15,43","15,43","15,30","45,51K","-0,98%"
"05.02.2019","15,46","15,42","15,51","15,39","63,56K","0,58%"
"04.02.2019","15,37","15,29","15,39","15,26","60,36K","-1,43%"
"01.02.2019","15,60","15,53","15,65","15,48","203,05K","0,46%"
"31.01.2019","15,52","15,33","15,56","15,30","132,10K","0,20%"
"30.01.2019","15,49","15,25","15,54","15,19","88,03K","1,02%"
"29.01.2019","15,34","15,50","15,51","15,30","87,79K","-1,61%"
"28.01.2019","15,59","15,55","15,60","15,44","116,37K","-0,31%"
"25.01.2019","15,64","15,48","15,72","15,48","130,25K","4,70%"
"24.01.2019","14,93","14,74","15,09","14,73","161,39K","1,95%"
"23.01.2019","14,65","14,62","14,69","14,53","71,23K","-0,06%"
"22.01.2019","14,66","14,65","14,80","14,60","133,65K","-1,91%"
"18.01.2019","14,94","15,04","15,06","14,88","106,34K","0,52%"
"17.01.2019","14,87","14,67","14,87","14,67","68,09K","-0,16%"
"16.01.2019","14,89","14,86","14,99","14,86","65,99K","-1,10%"
"15.01.2019","15,05","15,01","15,09","14,96","83,74K","0,00%"
"14.01.2019","15,06","14,85","15,06","14,85","75,55K","1,14%"
"11.01.2019","14,89","14,86","14,94","14,80","123,01K","-1,24%"
"10.01.2019","15,08","14,97","15,12","14,93","263,72K","-0,53%"
"09.01.2019","15,16","15,11","15,25","15,03","140,08K","3,14%"
"08.01.2019","14,70","14,84","14,87","14,64","106,89K","1,24%"
"07.01.2019","14,52","14,54","14,61","14,45","158,08K","1,39%"
"04.01.2019","14,32","14,08","14,38","14,06","129,59K","3,69%"
"03.01.2019","13,81","13,77","13,85","13,74","115,15K","-0,18%"
"02.01.2019","13,83","13,69","13,86","13,67","94,40K","-0,78%"
"31.12.2018","13,94","14,25","14,34","13,88","389,95K","-1,45%"
"28.12.2018","14,15","14,11","14,23","14,03","232,13K","0,83%"
"27.12.2018","14,03","14,02","14,06","13,74","211,97K","-2,91%"
"26.12.2018","14,45","14,20","14,45","13,86","223,36K","3,48%"
"24.12.2018","13,97","14,48","14,48","13,95","174,93K","-2,76%"
"21.12.2018","14,36","14,57","14,68","14,33","312,05K","-0,68%"
"20.12.2018","14,46","14,57","14,60","14,40","148,55K","-0,43%"
"19.12.2018","14,52","14,84","14,92","14,42","201,55K","-0,98%"
"18.12.2018","14,67","14,79","14,80","14,59","157,84K","1,48%"
"17.12.2018","14,45","14,68","14,82","14,37","203,77K","-1,42%"
"14.12.2018","14,66","14,91","14,93","14,64","257,06K","-2,94%"
"13.12.2018","15,10","15,18","15,20","15,08","158,63K","0,90%"
"12.12.2018","14,97","14,87","15,14","14,84","259,52K","3,65%"
"11.12.2018","14,44","14,60","14,62","14,34","274,11K","1,51%"
"10.12.2018","14,23","14,14","14,29","14,04","147,44K","0,47%"
"07.12.2018","14,16","14,40","14,46","14,15","209,82K","-0,47%"
"06.12.2018","14,23","14,05","14,25","13,90","290,76K","-0,50%"
"04.12.2018","14,30","14,76","14,77","14,23","190,38K","-5,04%"
"03.12.2018","15,06","15,18","15,22","15,01","128,47K","1,60%"
"30.11.2018","14,82","14,58","14,83","14,58","150,55K","-0,33%"
"29.11.2018","14,87","14,77","14,92","14,76","156,87K","-0,83%"
"28.11.2018","15,00","14,67","15,06","14,52","327,00K","2,44%"
"27.11.2018","14,64","15,04","15,06","14,40","120,92K","-2,90%"
"26.11.2018","15,08","15,01","15,08","14,95","104,47K","2,74%"
"23.11.2018","14,67","14,66","14,76","14,66","54,34K","-1,97%"
"21.11.2018","14,97","14,69","15,04","14,69","122,86K","4,62%"
"20.11.2018","14,31","14,49","14,51","14,26","101,76K","-1,66%"
"19.11.2018","14,55","14,76","14,77","14,51","125,53K","0,87%"
"16.11.2018","14,42","14,36","14,50","14,25","75,88K","-1,65%"
"15.11.2018","14,67","14,45","14,76","14,43","71,02K","0,18%"
"14.11.2018","14,64","14,85","14,85","14,52","94,25K","1,46%"
"13.11.2018","14,43","14,25","14,59","14,25","92,32K","1,54%"
"12.11.2018","14,21","14,34","14,37","14,17","102,56K","-1,79%"
"09.11.2018","14,47","14,45","14,53","14,38","65,28K","-3,23%"
"08.11.2018","14,95","15,18","15,19","14,87","88,64K","-3,85%"
"07.11.2018","15,55","15,51","15,55","15,43","84,32K","0,87%"
"06.11.2018","15,42","15,44","15,46","15,35","34,25K","-0,35%"
"05.11.2018","15,47","15,33","15,51","15,28","106,34K","0,64%"
"02.11.2018","15,37","15,60","15,61","15,24","124,19K","2,08%"
"01.11.2018","15,06","14,97","15,09","14,86","55,49K","2,56%"
"31.10.2018","14,68","14,84","14,93","14,66","132,27K","0,31%"
"30.10.2018","14,64","14,59","14,70","14,42","116,28K","4,80%"
"29.10.2018","13,97","14,21","14,32","13,76","206,25K","2,32%"
"26.10.2018","13,65","13,39","13,84","13,37","113,15K","0,10%"
"25.10.2018","13,64","13,55","13,67","13,47","381,10K","3,81%"
"24.10.2018","13,14","13,56","13,68","13,14","330,06K","-7,02%"
"23.10.2018","14,13","14,00","14,24","13,91","147,73K","-0,69%"
"22.10.2018","14,23","14,25","14,27","14,14","138,78K","-0,25%"
"19.10.2018","14,26","14,02","14,34","14,00","112,92K","-0,96%"
"18.10.2018","14,40","14,65","14,70","14,33","101,48K","-2,75%"
"17.10.2018","14,81","14,78","14,87","14,63","80,78K","-0,94%"
"16.10.2018","14,95","14,95","15,02","14,88","133,81K","2,78%"
"15.10.2018","14,55","14,68","14,79","14,50","150,52K","2,04%"
"12.10.2018","14,25","14,33","14,34","14,02","176,68K","1,01%"
"11.10.2018","14,11","14,30","14,40","13,95","162,12K","-0,25%"
"10.10.2018","14,15","14,69","14,69","14,12","206,63K","-4,58%"
"09.10.2018","14,83","14,76","14,88","14,67","114,55K","-1,37%"
"08.10.2018","15,03","14,84","15,03","14,76","117,31K","-0,71%"
"05.10.2018","15,14","15,22","15,22","15,01","109,39K","-1,91%"
"04.10.2018","15,43","15,59","15,59","15,34","73,21K","-1,20%"
"03.10.2018","15,62","15,62","15,76","15,60","93,56K","0,23%"
"02.10.2018","15,59","15,47","15,64","15,46","57,67K","0,73%"
"01.10.2018","15,47","15,58","15,64","15,47","46,46K","0,14%"
"28.09.2018","15,45","15,38","15,53","15,35","91,89K","-1,58%"
"27.09.2018","15,70","15,73","15,89","15,66","68,37K","0,79%"
"26.09.2018","15,58","15,42","15,68","15,42","71,33K","0,08%"
"25.09.2018","15,56","15,56","15,65","15,51","93,59K","-1,66%"
"24.09.2018","15,83","15,88","15,90","15,81","119,52K","-1,34%"
"21.09.2018","16,04","15,99","16,04","15,79","51,67K","1,07%"
"20.09.2018","15,87","15,85","15,90","15,76","167,90K","3,20%"
"19.09.2018","15,38","15,45","15,60","15,26","123,57K","1,24%"
"18.09.2018","15,19","15,17","15,26","15,04","158,02K","3,34%"
"17.09.2018","14,70","14,77","14,83","14,70","128,00K","0,98%"
"14.09.2018","14,56","14,76","14,78","14,55","132,77K","0,28%"
"13.09.2018","14,52","14,58","14,61","14,43","98,50K","2,82%"
"12.09.2018","14,12","14,03","14,20","14,01","72,51K","0,38%"
"11.09.2018","14,07","13,94","14,09","13,92","80,04K","0,19%"
"10.09.2018","14,04","14,07","14,12","13,94","52,61K","1,68%"
"07.09.2018","13,81","13,78","13,88","13,67","79,11K","-1,09%"
"06.09.2018","13,96","13,94","14,01","13,84","130,32K","0,39%"
"05.09.2018","13,91","13,94","13,97","13,81","237,54K","0,13%"
"04.09.2018","13,89","13,81","13,89","13,72","220,24K","-2,87%"
"31.08.2018","14,30","14,39","14,47","14,26","97,34K","-1,63%"
"30.08.2018","14,54","14,65","14,68","14,48","56,43K","-0,52%"
"29.08.2018","14,61","14,60","14,68","14,56","117,82K","-1,21%"
"28.08.2018","14,79","15,00","15,00","14,75","108,44K","1,29%"
"27.08.2018","14,60","14,45","14,66","14,43","155,52K","3,16%"
"24.08.2018","14,16","14,08","14,17","14,03","36,37K","0,96%"
"23.08.2018","14,02","14,09","14,11","13,99","64,56K","-1,75%"
"22.08.2018","14,27","14,22","14,28","14,11","50,89K","-0,81%"
"21.08.2018","14,39","14,35","14,55","14,33","66,95K","1,51%"
"20.08.2018","14,17","14,08","14,17","14,07","28,22K","0,41%"
"17.08.2018","14,12","13,90","14,23","13,83","22,86K","0,86%"
"16.08.2018","14,00","14,01","14,08","13,91","14,19K","0,19%"
"15.08.2018","13,97","13,93","13,97","13,75","32,48K","-1,70%"
"14.08.2018","14,21","14,21","14,48","14,21","3,11K","-55,61%"
"13.08.2018","32,01","32,30","34,00","32,00","51,46K","-0,99%"
"10.08.2018","32,33","32,38","32,46","32,16","170,65K","-3,29%"
"09.08.2018","33,43","33,62","33,65","33,36","195,55K","-0,27%"
"08.08.2018","33,52","33,63","33,69","33,44","159,17K","0,66%"
"07.08.2018","33,30","33,95","33,95","33,27","155,53K","0,48%"
"06.08.2018","33,14","33,20","33,30","33,05","131,34K","-0,12%"
"03.08.2018","33,18","33,11","33,24","33,01","172,39K","0,27%"
"02.08.2018","33,09","32,65","33,10","32,52","288,69K","-1,02%"
"01.08.2018","33,43","33,76","33,79","33,29","132,78K","-3,27%"
"31.07.2018","34,56","34,83","35,00","34,50","119,21K","-0,06%"
"30.07.2018","34,58","34,81","34,87","34,54","139,73K","0,90%"
"27.07.2018","34,27","34,40","34,69","34,11","212,03K","-0,58%"
"26.07.2018","34,47","34,58","34,84","34,47","141,63K","-0,12%"
"25.07.2018","34,51","33,77","34,51","33,26","194,59K","0,58%"
"24.07.2018","34,31","34,60","34,67","34,23","151,37K","1,81%"
"23.07.2018","33,70","33,65","33,79","33,60","106,47K","0,75%"
"20.07.2018","33,45","33,04","33,45","33,00","121,29K","-1,68%"
"19.07.2018","34,02","33,94","34,13","33,80","99,37K","-0,21%"
"18.07.2018","34,09","33,84","34,13","33,80","130,43K","0,21%"
"17.07.2018","34,02","33,05","34,02","33,01","179,09K","2,38%"
"16.07.2018","33,23","33,10","33,34","33,08","113,58K","-0,21%"
"13.07.2018","33,30","33,10","33,37","32,98","88,38K","0,60%"
"12.07.2018","33,10","33,00","33,17","32,85","170,94K","0,79%"
"11.07.2018","32,84","33,09","33,23","32,80","221,04K","-3,24%"
"10.07.2018","33,94","33,58","33,94","33,58","134,10K","-0,09%"
"09.07.2018","33,97","33,87","34,00","33,76","109,51K","-0,41%"
"06.07.2018","34,11","34,01","34,21","33,85","121,11K","-0,41%"
"05.07.2018","34,25","34,44","34,44","32,93","183,64K","5,03%"
"03.07.2018","32,61","33,05","33,07","32,60","62,08K","-0,15%"
"02.07.2018","32,66","32,67","32,72","32,44","189,54K","-1,03%"
"29.06.2018","33,00","33,10","33,34","33,00","194,00K","-0,45%"
"28.06.2018","33,15","32,82","33,28","32,65","224,22K","-1,84%"
"27.06.2018","33,77","34,07","34,51","33,62","416,16K","0,15%"
"26.06.2018","33,72","33,64","33,76","33,43","332,25K","-0,71%"
"25.06.2018","33,96","33,91","34,06","33,72","163,44K","-1,79%"
"22.06.2018","34,58","34,79","34,79","34,19","148,13K","0,32%"
"21.06.2018","34,47","34,55","34,61","34,27","256,85K","-2,30%"
"20.06.2018","35,28","35,33","35,57","35,25","143,57K","0,94%"
"19.06.2018","34,95","34,87","35,07","34,56","263,35K","-2,37%"
"18.06.2018","35,80","35,57","35,86","35,49","252,74K","-2,56%"
"15.06.2018","36,74","37,37","37,40","36,57","164,62K","-2,83%"
"14.06.2018","37,81","37,87","38,08","37,81","60,70K","0,61%"
"13.06.2018","37,58","37,72","37,85","37,53","74,49K","0,37%"
"12.06.2018","37,44","37,47","37,63","37,35","80,99K","-0,16%"
"11.06.2018","37,50","37,34","37,61","37,23","112,88K","-1,06%"
"08.06.2018","37,90","37,77","37,94","37,55","89,40K","-0,45%"
"07.06.2018","38,07","38,45","38,60","37,86","136,36K","-0,78%"
"06.06.2018","38,37","37,97","38,37","37,85","307,77K","1,70%"
"05.06.2018","37,73","37,91","38,02","37,58","82,76K","1,26%"
"04.06.2018","37,26","37,59","37,62","37,24","91,81K","-0,03%"
"01.06.2018","37,27","37,71","37,79","37,20","94,87K","0,16%"
"31.05.2018","37,21","37,52","37,59","36,99","272,30K","-1,69%"
"30.05.2018","37,85","37,60","38,05","37,40","115,09K","1,37%"
"29.05.2018","37,34","37,47","37,61","36,95","284,56K","-4,28%"
"25.05.2018","39,01","38,86","39,01","38,56","78,66K","-0,48%"
"24.05.2018","39,20","38,77","39,25","38,57","157,22K","-1,73%"
"23.05.2018","39,89","39,73","39,89","39,50","49,59K","-1,65%"
"22.05.2018","40,56","40,65","40,73","40,39","56,37K","0,02%"
"21.05.2018","40,55","40,42","40,75","40,42","42,84K","0,90%"
"18.05.2018","40,19","40,18","40,32","40,03","51,00K","0,00%"
"17.05.2018","40,19","40,21","40,35","40,06","37,51K","0,37%"
"16.05.2018","40,04","40,21","40,26","39,90","63,93K","-0,77%"
"15.05.2018","40,35","40,23","40,46","40,14","50,93K","0,47%"
"14.05.2018","40,16","40,28","40,46","40,13","70,01K","-0,59%"
"11.05.2018","40,40","40,25","40,44","40,25","94,96K","0,20%"
"10.05.2018","40,32","39,85","40,32","39,85","120,19K","1,00%"
"09.05.2018","39,92","40,01","40,13","39,77","74,12K","-1,19%"
"08.05.2018","40,40","40,33","40,58","40,24","36,69K","-0,91%"
"07.05.2018","40,77","40,69","40,86","40,61","91,61K","0,59%"
"04.05.2018","40,53","40,09","40,62","40,08","64,46K","-1,53%"
"03.05.2018","41,16","41,00","41,26","40,82","67,26K","-0,39%"
"02.05.2018","41,32","41,53","41,74","41,19","102,16K","2,02%"
"01.05.2018","40,50","40,70","40,70","40,01","32,74K","-0,32%"
"30.04.2018","40,63","40,45","40,89","40,45","52,80K","-1,02%"
"27.04.2018","41,05","40,87","41,09","40,65","237,87K","-0,10%"
"26.04.2018","41,09","41,50","41,52","40,88","70,33K","2,39%"
"25.04.2018","40,13","40,17","40,36","39,88","381,51K","-1,38%"
"24.04.2018","40,69","41,12","41,34","40,53","337,88K","-0,68%"
"23.04.2018","40,97","41,16","41,19","40,80","305,63K","-1,40%"
"20.04.2018","41,55","41,97","41,97","41,51","331,44K","-1,61%"
"19.04.2018","42,23","42,57","42,57","42,03","466,19K","-0,94%"
"18.04.2018","42,63","42,52","42,96","42,52","407,08K","-0,40%"
"17.04.2018","42,80","42,43","42,82","42,35","148,49K","1,16%"
"16.04.2018","42,31","42,52","42,52","42,08","103,70K","-1,26%"
"13.04.2018","42,85","42,88","43,00","42,52","76,37K","-0,44%"
"12.04.2018","43,04","43,00","43,11","42,61","212,26K","2,23%"
"11.04.2018","42,10","42,43","42,58","42,00","210,54K","0,62%"
"10.04.2018","41,84","42,26","42,30","41,62","200,04K","3,98%"
"09.04.2018","40,24","40,55","40,63","40,24","58,29K","0,07%"
"06.04.2018","40,21","40,45","40,68","40,07","91,37K","-1,08%"
"05.04.2018","40,65","40,70","40,92","40,56","70,21K","1,17%"
"04.04.2018","40,18","39,30","40,20","39,29","99,70K","-0,77%"
"03.04.2018","40,49","40,03","40,49","39,82","100,00K","2,58%"
"02.04.2018","39,47","40,00","40,04","38,80","142,29K","-1,42%"
"29.03.2018","40,04","40,14","40,21","39,79","96,05K","3,65%"
"28.03.2018","38,63","38,65","39,00","38,40","122,67K","-1,05%"
"27.03.2018","39,04","40,05","40,05","38,88","75,33K","-1,49%"
"26.03.2018","39,63","39,33","39,65","38,85","185,47K","4,65%"
"23.03.2018","37,87","38,62","38,68","37,81","153,37K","-2,25%"
"22.03.2018","38,74","39,00","39,18","38,53","284,34K","-2,10%"
"21.03.2018","39,57","39,56","39,75","39,33","251,37K","-0,45%"
"20.03.2018","39,75","39,57","39,97","39,57","273,76K","0,58%"
"19.03.2018","39,52","40,10","40,10","39,40","407,34K","-2,08%"
"16.03.2018","40,36","40,39","40,89","40,25","83,39K","-0,05%"
"15.03.2018","40,38","40,32","40,59","40,22","148,55K","1,58%"
"14.03.2018","39,75","39,82","39,88","39,42","179,60K","2,85%"
"13.03.2018","38,65","39,98","39,98","38,60","132,31K","-2,55%"
"12.03.2018","39,66","39,78","39,95","39,55","69,88K","0,41%"
"09.03.2018","39,50","39,38","39,53","39,34","81,46K","0,00%"
"08.03.2018","39,50","39,25","39,61","39,14","103,74K","-0,23%"
"07.03.2018","39,59","39,26","39,71","39,16","160,53K","-1,15%"
"06.03.2018","40,05","40,04","40,21","39,82","158,35K","2,19%"
"05.03.2018","39,19","38,45","39,19","38,32","176,68K","0,08%"
"02.03.2018","39,16","38,83","39,22","38,55","231,86K","0,31%"
"01.03.2018","39,04","39,31","39,53","38,70","225,25K","-1,81%"
"28.02.2018","39,76","40,46","40,50","39,76","338,27K","-1,85%"
"27.02.2018","40,51","40,93","41,05","40,45","108,20K","-3,02%"
"26.02.2018","41,77","41,70","41,82","41,30","123,25K","1,93%"
"23.02.2018","40,98","41,44","41,50","40,68","581,17K","0,22%"
"22.02.2018","40,89","41,12","41,38","40,72","155,37K","1,14%"
"21.02.2018","40,43","41,00","41,10","40,37","122,87K","-1,39%"
"20.02.2018","41,00","41,22","41,48","40,88","360,87K","-3,62%"
"16.02.2018","42,54","42,22","42,81","42,19","93,34K","-0,14%"
"15.02.2018","42,60","42,85","42,86","42,06","128,67K","-0,16%"
"14.02.2018","42,67","41,15","42,72","41,12","68,33K","1,33%"
"13.02.2018","42,11","41,71","42,16","41,71","81,78K","0,43%"
"12.02.2018","41,93","41,35","42,00","41,20","138,97K","1,18%"
"09.02.2018","41,44","41,12","41,60","40,00","334,52K","2,19%"
"08.02.2018","40,55","42,22","42,22","40,55","239,03K","-3,57%"
"07.02.2018","42,05","42,38","42,78","41,83","178,52K","-0,47%"
"06.02.2018","42,25","41,04","42,25","40,95","665,45K","5,70%"
"05.02.2018","39,97","42,31","42,46","39,80","585,73K","-7,24%"
"02.02.2018","43,09","44,13","44,13","43,07","188,90K","-2,95%"
"01.02.2018","44,40","44,27","44,59","44,13","129,27K","-0,09%"
"31.01.2018","44,44","44,93","44,99","44,17","125,77K","-0,16%"
"30.01.2018","44,51","44,50","44,78","44,40","135,11K","-1,92%"
"29.01.2018","45,38","45,90","45,90","45,34","85,14K","-0,57%"
"26.01.2018","45,64","45,53","45,69","45,35","158,49K","0,88%"
"25.01.2018","45,24","45,95","45,97","45,11","177,21K","-1,37%"
"24.01.2018","45,87","45,91","45,98","45,57","116,82K","-0,09%"
"23.01.2018","45,91","46,12","46,12","45,50","137,84K","-1,33%"
"22.01.2018","46,53","46,22","46,53","46,00","184,04K","1,82%"
"19.01.2018","45,70","45,29","45,70","45,29","171,29K","1,65%"
"18.01.2018","44,96","45,24","45,30","44,75","121,69K","-0,09%"
"17.01.2018","45,00","44,66","45,04","44,18","282,26K","-0,77%"
"16.01.2018","45,35","45,46","45,58","45,33","242,10K","2,28%"
"12.01.2018","44,34","43,98","44,39","43,93","196,99K","2,47%"
"11.01.2018","43,27","42,71","43,30","42,59","224,61K","2,05%"
"10.01.2018","42,40","42,95","42,98","42,38","647,43K","-2,06%"
"09.01.2018","43,29","43,36","43,45","43,05","119,13K","0,16%"
"08.01.2018","43,22","42,97","43,22","42,88","239,53K","0,05%"
"05.01.2018","43,20","42,93","43,20","42,76","253,49K","1,72%"
"04.01.2018","42,47","42,21","42,47","42,02","182,22K","2,86%"
"03.01.2018","41,29","41,26","41,50","41,13","127,24K","1,23%"
"02.01.2018","40,79","40,26","40,81","40,25","137,43K","0,87%"
"29.12.2017","40,44","40,63","40,70","40,33","90,40K","-0,61%"
"28.12.2017","40,69","40,56","40,77","40,54","185,24K","0,67%"
"27.12.2017","40,42","40,45","40,57","40,38","108,02K","-1,10%"
"26.12.2017","40,87","40,58","41,10","40,58","99,19K","0,71%"
"22.12.2017","40,58","40,44","40,58","40,25","71,90K","-0,02%"
"21.12.2017","40,59","40,56","40,78","40,55","78,42K","0,20%"
"20.12.2017","40,51","40,58","40,62","40,36","175,45K","-1,22%"
"19.12.2017","41,01","40,94","41,09","40,83","110,39K","0,61%"
"18.12.2017","40,76","40,92","41,14","40,69","195,54K","2,03%"
"15.12.2017","39,95","39,88","40,04","39,82","202,11K","-0,79%"
"14.12.2017","40,27","40,31","40,53","40,19","237,12K","0,55%"
"13.12.2017","40,05","40,38","40,42","40,00","226,94K","-0,37%"
"12.12.2017","40,20","39,69","40,46","39,69","364,31K","-0,69%"
"11.12.2017","40,48","40,09","40,57","40,09","433,26K","0,95%"
"08.12.2017","40,10","39,97","40,18","39,89","88,02K","1,52%"
"07.12.2017","39,50","39,35","39,65","39,30","77,95K","1,15%"
"06.12.2017","39,05","39,06","39,20","38,77","105,68K","-2,28%"
"05.12.2017","39,96","40,02","40,15","39,81","73,76K","-0,99%"
"04.12.2017","40,36","40,39","40,57","40,19","86,51K","-0,59%"
"01.12.2017","40,60","40,65","40,95","40,40","206,75K","-2,22%"
"30.11.2017","41,52","41,38","41,80","41,29","187,41K","2,09%"
"29.11.2017","40,67","40,89","41,08","40,60","113,74K","1,30%"
"28.11.2017","40,15","40,16","40,35","40,05","90,59K","-0,22%"
"27.11.2017","40,24","40,16","40,38","40,11","88,55K","-0,47%"
"24.11.2017","40,43","40,31","40,46","40,21","64,94K","1,97%"
"22.11.2017","39,65","40,03","40,12","39,36","102,82K","-1,12%"
"21.11.2017","40,10","40,23","40,28","39,74","213,63K","2,51%"
"20.11.2017","39,12","39,45","39,45","39,03","210,71K","2,84%"
"17.11.2017","38,04","38,02","38,10","37,85","65,37K","0,69%"
"16.11.2017","37,78","37,98","38,06","37,65","117,74K","2,55%"
"15.11.2017","36,84","36,90","36,99","36,65","51,58K","-1,13%"
"14.11.2017","37,26","37,27","37,29","37,10","100,99K","0,57%"
"13.11.2017","37,05","36,68","37,15","36,63","180,75K","-0,03%"
"10.11.2017","37,06","37,29","37,35","37,03","520,32K","-1,07%"
"09.11.2017","37,46","37,40","37,51","37,28","88,26K","-0,11%"
"08.11.2017","37,50","38,03","38,05","37,41","97,32K","-1,16%"
"07.11.2017","37,94","38,45","38,50","37,91","103,74K","-1,45%"
"06.11.2017","38,50","38,34","38,50","38,29","81,21K","0,26%"
"03.11.2017","38,40","38,75","38,75","38,30","87,06K","-1,03%"
"02.11.2017","38,80","39,18","39,25","38,61","286,52K","-0,54%"
"01.11.2017","39,01","38,51","39,13","38,42","264,88K","4,05%"
"31.10.2017","37,49","37,42","37,58","37,25","153,66K","0,97%"
"30.10.2017","37,13","37,31","37,40","37,03","175,51K","3,43%"
"27.10.2017","35,90","35,79","35,91","35,64","158,24K","2,43%"
"26.10.2017","35,05","35,05","35,17","34,98","50,90K","-0,88%"
"25.10.2017","35,36","35,37","35,47","35,20","115,27K","-0,48%"
"24.10.2017","35,53","35,19","35,60","35,14","110,48K","1,83%"
"23.10.2017","34,89","34,89","35,00","34,84","60,90K","-0,31%"
"20.10.2017","35,00","34,91","35,04","34,79","811,99K","-0,71%"
"19.10.2017","35,25","35,01","35,25","35,01","79,22K","-0,65%"
"18.10.2017","35,48","35,28","35,50","35,26","85,68K","1,34%"
"17.10.2017","35,01","35,08","35,10","34,90","55,00K","-0,85%"
"16.10.2017","35,31","35,36","35,39","35,24","63,19K","0,23%"
"13.10.2017","35,23","35,47","35,48","35,23","80,24K","-0,45%"
"12.10.2017","35,39","35,43","35,54","35,32","92,57K","0,06%"
"11.10.2017","35,37","35,24","35,37","35,10","238,62K","1,38%"
"10.10.2017","34,89","34,58","34,93","34,56","90,10K","0,69%"
"09.10.2017","34,65","34,83","34,87","34,57","106,16K","-0,43%"
"06.10.2017","34,80","34,75","34,89","34,67","71,96K","0,17%"
"05.10.2017","34,74","34,72","34,85","34,60","144,26K","0,43%"
"04.10.2017","34,59","34,55","34,65","34,48","185,37K","0,82%"
"03.10.2017","34,31","33,79","34,35","33,79","332,87K","1,57%"
"02.10.2017","33,78","33,58","33,79","33,55","569,91K","-0,06%"
"29.09.2017","33,80","33,92","33,92","33,73","530,41K","-0,32%"
"28.09.2017","33,91","34,13","34,21","33,89","56,72K","-0,82%"
"27.09.2017","34,19","34,20","34,20","33,94","103,45K","-0,49%"
"26.09.2017","34,36","34,09","34,41","34,09","403,38K","1,18%"
"25.09.2017","33,96","34,05","34,19","33,90","230,23K","-1,76%"
"22.09.2017","34,57","34,29","34,59","34,22","178,59K","1,35%"
"21.09.2017","34,11","34,03","34,15","33,96","163,27K","0,68%"
"20.09.2017","33,88","33,97","34,09","33,72","201,64K","-0,47%"
"19.09.2017","34,04","33,89","34,05","33,80","190,07K","0,15%"
"18.09.2017","33,99","33,91","34,01","33,86","240,45K","1,19%"
"15.09.2017","33,59","33,37","33,68","33,33","89,94K","0,96%"
"14.09.2017","33,27","33,24","33,31","33,14","45,16K","0,21%"
"13.09.2017","33,20","33,61","33,67","33,15","169,42K","-0,42%"
"12.09.2017","33,34","33,48","33,50","33,27","301,73K","1,25%"
"11.09.2017","32,93","32,78","32,99","32,73","97,44K","0,43%"
"08.09.2017","32,79","32,74","32,87","32,74","87,99K","0,06%"
"07.09.2017","32,77","32,59","32,77","32,52","276,44K","1,52%"
"06.09.2017","32,28","32,27","32,36","32,19","172,12K","2,09%"
"05.09.2017","31,62","31,82","31,87","31,53","86,71K","1,38%"
"01.09.2017","31,19","31,21","31,30","31,10","48,27K","0,81%"
"31.08.2017","30,94","30,69","30,96","30,65","126,91K","0,06%"
"30.08.2017","30,92","31,09","31,09","30,87","89,87K","-0,67%"
"29.08.2017","31,13","31,01","31,26","30,93","85,61K","-1,05%"
"28.08.2017","31,46","31,30","31,47","31,29","85,07K","0,58%"
"25.08.2017","31,28","31,03","31,39","30,98","95,30K","1,30%"
"24.08.2017","30,88","30,92","30,98","30,79","140,79K","0,68%"
"23.08.2017","30,67","30,48","30,71","30,41","72,08K","0,62%"
"22.08.2017","30,48","30,24","30,48","30,22","93,07K","-0,10%"
"21.08.2017","30,51","30,37","30,58","30,26","212,01K","-0,49%"
"18.08.2017","30,66","30,56","30,69","30,51","97,28K","-0,07%"
"17.08.2017","30,68","30,92","30,92","30,67","153,56K","-1,35%"
"16.08.2017","31,10","31,03","31,16","30,94","127,83K","0,61%"
"15.08.2017","30,91","30,78","30,91","30,62","255,70K","0,19%"
"14.08.2017","30,85","30,71","30,89","30,69","213,96K","1,48%"
"11.08.2017","30,40","30,40","30,52","30,31","65,88K","0,83%"
"10.08.2017","30,15","30,14","30,32","30,02","109,38K","-1,24%"
"09.08.2017","30,53","30,37","30,57","30,34","77,86K","-1,01%"
"08.08.2017","30,84","30,84","31,05","30,79","88,85K","-0,29%"
"07.08.2017","30,93","30,74","30,95","30,71","76,88K","-0,35%"
"04.08.2017","31,04","30,85","31,05","30,79","72,29K","-0,42%"
"03.08.2017","31,17","31,25","31,30","31,12","75,82K","-1,36%"
"02.08.2017","31,60","31,75","31,76","31,47","100,07K","-0,03%"
"01.08.2017","31,61","31,68","31,73","31,49","59,66K","0,51%"
"31.07.2017","31,45","31,27","31,45","31,19","78,06K","-0,54%"
"28.07.2017","31,62","31,37","31,63","31,31","39,75K","-0,22%"
"27.07.2017","31,69","31,78","31,90","31,60","222,47K","-2,04%"
"26.07.2017","32,35","32,11","32,45","32,08","62,58K","1,28%"
"25.07.2017","31,94","32,09","32,11","31,91","76,07K","-0,78%"
"24.07.2017","32,19","31,95","32,20","31,87","192,82K","-2,40%"
"21.07.2017","32,98","33,06","33,10","32,62","530,66K","-2,14%"
"20.07.2017","33,70","34,06","34,12","33,70","116,33K","0,00%"
"19.07.2017","33,70","33,45","33,79","33,45","282,34K","0,12%"
"18.07.2017","33,66","33,50","33,79","33,46","125,63K","0,06%"
"17.07.2017","33,64","33,51","33,72","33,45","100,16K","0,06%"
"14.07.2017","33,62","33,34","33,65","33,27","134,01K","1,39%"
"13.07.2017","33,16","32,96","33,19","32,96","87,80K","0,97%"
"12.07.2017","32,84","32,92","33,00","32,70","133,66K","1,05%"
"11.07.2017","32,50","32,56","32,62","32,36","632,54K","1,15%"
"10.07.2017","32,13","31,86","32,14","31,84","75,62K","-0,31%"
"07.07.2017","32,23","31,99","32,25","31,95","98,28K","0,84%"
"06.07.2017","31,96","31,83","32,11","31,82","191,80K","1,62%"
"05.07.2017","31,45","31,24","31,48","31,03","110,82K","0,54%"
"03.07.2017","31,28","31,34","31,44","31,21","20,96K","0,51%"
"30.06.2017","31,12","31,22","31,22","30,94","88,47K","-0,29%"
"29.06.2017","31,21","31,33","31,34","31,00","140,89K","-0,86%"
"28.06.2017","31,48","31,33","31,49","31,27","101,77K","1,09%"
"27.06.2017","31,14","31,06","31,30","31,01","86,70K","1,76%"
"26.06.2017","30,60","30,79","30,85","30,60","52,48K","-0,10%"
"23.06.2017","30,63","30,57","30,79","30,50","70,77K","-0,81%"
"22.06.2017","30,88","30,89","30,99","30,86","97,76K","1,98%"
"21.06.2017","30,28","30,32","30,36","30,20","390,35K","0,10%"
"20.06.2017","30,25","30,36","30,41","30,19","225,73K","0,17%"
"19.06.2017","30,20","30,44","30,47","30,19","566,23K","-0,17%"
"16.06.2017","30,25","30,50","30,61","30,22","770,96K","-0,85%"
"15.06.2017","30,51","30,33","30,57","30,31","213,55K","-1,87%"
"14.06.2017","31,09","31,35","31,39","30,94","99,68K","-1,24%"
"13.06.2017","31,48","31,52","31,57","31,36","248,25K","0,41%"
"12.06.2017","31,35","31,26","31,35","31,20","87,31K","1,42%"
"09.06.2017","30,91","30,79","30,94","30,74","88,87K","-0,48%"
"08.06.2017","31,06","30,73","31,06","30,68","106,49K","-0,70%"
"07.06.2017","31,28","31,10","31,30","31,02","139,84K","-0,76%"
"06.06.2017","31,52","31,34","31,62","31,31","224,12K","-1,16%"
"05.06.2017","31,89","31,75","31,91","31,71","74,46K","-0,62%"
"02.06.2017","32,09","31,95","32,17","31,95","117,34K","1,65%"
"01.06.2017","31,57","31,41","31,66","31,12","119,66K","0,48%"
"31.05.2017","31,42","31,56","31,61","31,31","99,74K","-0,88%"
"30.05.2017","31,70","31,75","31,85","31,64","110,48K","-0,60%"
"26.05.2017","31,89","31,74","31,97","31,74","201,82K","-0,50%"
"25.05.2017","32,05","32,12","32,26","31,98","139,48K","-0,37%"
"24.05.2017","32,17","31,65","32,21","31,65","175,68K","0,25%"
"23.05.2017","32,09","32,27","32,30","32,00","188,44K","-0,62%"
"22.05.2017","32,29","32,00","32,34","31,90","475,55K","1,32%"
"19.05.2017","31,87","31,98","32,11","31,86","98,87K","0,41%"
"18.05.2017","31,74","31,54","31,77","31,41","148,12K","-0,72%"
"17.05.2017","31,97","32,41","32,56","31,95","114,10K","-2,08%"
"16.05.2017","32,65","32,82","32,86","32,58","147,41K","0,55%"
"15.05.2017","32,47","32,40","32,55","31,98","94,72K","1,00%"
"12.05.2017","32,15","31,98","32,15","31,97","57,55K","0,44%"
"11.05.2017","32,01","31,91","32,03","31,84","78,97K","0,13%"
"10.05.2017","31,97","32,05","32,15","31,84","111,62K","-0,25%"
"09.05.2017","32,05","32,23","32,38","32,01","131,37K","-1,20%"
"08.05.2017","32,44","32,41","32,62","32,31","210,75K","-0,64%"
"05.05.2017","32,65","32,20","32,69","32,13","222,05K","1,27%"
"04.05.2017","32,24","32,16","32,25","31,95","172,81K","1,32%"
"03.05.2017","31,82","31,80","31,90","31,71","78,21K","-1,18%"
"02.05.2017","32,20","32,09","32,35","31,85","574,61K","-0,28%"
"01.05.2017","32,29","32,20","32,32","32,16","134,06K","0,40%"
"28.04.2017","32,16","32,23","32,32","32,14","129,51K","1,07%"
"27.04.2017","31,82","31,93","32,02","31,72","146,16K","-0,96%"
"26.04.2017","32,13","32,17","32,43","32,11","127,72K","-0,62%"
"25.04.2017","32,33","32,06","32,35","32,05","316,97K","1,48%"
"24.04.2017","31,86","32,02","32,06","31,63","320,23K","3,31%"
"21.04.2017","30,84","30,86","30,99","30,70","86,28K","-0,61%"
"20.04.2017","31,03","31,05","31,19","31,02","139,40K","0,36%"
"19.04.2017","30,92","30,89","31,10","30,80","334,05K","1,84%"
"18.04.2017","30,36","29,29","30,36","29,28","1,60M","3,79%"
"17.04.2017","29,25","29,09","29,41","29,04","243,01K","0,34%"
"13.04.2017","29,15","28,93","29,25","28,90","323,56K","-1,15%"
"12.04.2017","29,49","29,40","29,52","29,28","459,27K","0,37%"
"11.04.2017","29,38","29,27","29,38","29,12","1,25M","-0,74%"
"10.04.2017","29,60","29,20","29,63","29,16","1,31M","1,86%"
"07.04.2017","29,06","29,22","29,25","29,00","78,08K","-0,31%"
"06.04.2017","29,15","29,17","29,26","29,09","71,11K","-0,51%"
"05.04.2017","29,30","29,48","29,62","29,30","102,93K","-1,18%"
"04.04.2017","29,65","29,41","29,65","29,30","153,34K","-1,07%"
"03.04.2017","29,97","30,08","30,12","29,55","111,43K","-0,07%"
"31.03.2017","29,99","30,00","30,11","29,91","130,60K","-0,56%"
"30.03.2017","30,16","29,93","30,29","29,92","585,17K","-0,79%"
"29.03.2017","30,40","30,52","30,53","30,30","61,37K","-0,59%"
"28.03.2017","30,58","30,43","30,67","30,40","98,00K","0,92%"
"27.03.2017","30,30","29,83","30,30","29,83","233,29K","0,60%"
"24.03.2017","30,12","30,15","30,22","30,09","68,93K","0,03%"
"23.03.2017","30,11","29,96","30,22","29,81","192,67K","-0,63%"
"22.03.2017","30,30","29,96","30,30","29,91","113,03K","2,12%"
"21.03.2017","29,67","30,40","30,40","29,60","233,06K","-1,59%"
"20.03.2017","30,15","30,13","30,19","30,10","156,68K","-0,50%"
"17.03.2017","30,30","30,29","30,34","30,16","116,89K","-1,91%"
"16.03.2017","30,89","30,75","30,95","30,66","81,86K","0,32%"
"15.03.2017","30,79","30,39","30,87","30,35","111,96K","0,29%"
"14.03.2017","30,70","31,08","31,18","30,64","74,47K","-1,22%"
"13.03.2017","31,08","30,89","31,16","30,86","119,38K","1,34%"
"10.03.2017","30,67","30,58","30,74","30,45","83,55K","1,15%"
"09.03.2017","30,32","30,43","30,58","30,22","175,42K","-0,75%"
"08.03.2017","30,55","30,84","30,85","30,52","84,40K","-1,00%"
"07.03.2017","30,86","30,85","30,97","30,79","47,08K","0,03%"
"06.03.2017","30,85","30,95","30,99","30,65","475,90K","-1,15%"
"03.03.2017","31,21","31,18","31,27","31,03","60,05K","0,94%"
"02.03.2017","30,92","31,02","31,10","30,87","85,87K","-0,16%"
"01.03.2017","30,97","30,93","31,04","30,92","105,29K","2,04%"
"28.02.2017","30,35","30,46","30,53","30,25","162,21K","-1,33%"
"27.02.2017","30,76","30,48","30,78","30,48","197,32K","0,56%"
"24.02.2017","30,59","30,68","31,01","30,55","180,92K","-1,04%"
"23.02.2017","30,91","31,11","31,15","30,83","136,09K","0,45%"
"22.02.2017","30,77","30,47","30,80","30,43","174,57K","-1,72%"
"21.02.2017","31,31","30,89","31,32","30,84","181,17K","1,43%"
"17.02.2017","30,87","30,69","30,90","30,64","267,11K","-2,06%"
"16.02.2017","31,52","31,39","31,61","31,36","323,42K","-0,66%"
"15.02.2017","31,73","31,34","31,73","31,31","94,59K","-0,47%"
"14.02.2017","31,88","31,80","31,92","31,71","65,62K","0,54%"
"13.02.2017","31,71","31,72","31,81","31,66","109,95K","1,77%"
"10.02.2017","31,16","31,03","31,23","30,97","43,46K","1,60%"
"09.02.2017","30,67","30,50","30,77","30,48","102,93K","-0,78%"
"08.02.2017","30,91","30,69","30,91","30,46","68,43K","-1,02%"
"07.02.2017","31,23","31,32","31,38","31,15","91,21K","-0,22%"
"06.02.2017","31,30","31,19","31,40","31,18","109,93K","-2,61%"
"03.02.2017","32,14","32,11","32,25","32,05","44,32K","0,66%"
"02.02.2017","31,93","31,94","32,11","31,92","117,23K","-0,90%"
"01.02.2017","32,22","32,29","32,39","32,00","64,23K","0,41%"
"31.01.2017","32,09","32,52","32,60","31,92","196,36K","0,60%"
"30.01.2017","31,90","32,01","32,10","31,79","217,39K","-2,45%"
"27.01.2017","32,70","32,78","32,81","32,62","99,80K","-1,74%"
"26.01.2017","33,28","33,23","33,40","33,13","121,54K","-1,36%"
"25.01.2017","33,74","33,61","33,75","33,41","396,08K","0,45%"
"24.01.2017","33,59","33,18","33,63","33,15","380,14K","1,02%"
"23.01.2017","33,25","32,90","33,27","32,80","331,54K","4,04%"
"20.01.2017","31,96","31,69","31,97","31,62","70,27K","0,82%"
"19.01.2017","31,70","31,67","31,74","31,51","139,51K","1,21%"
"18.01.2017","31,32","31,50","31,57","31,31","103,10K","-0,60%"
"17.01.2017","31,51","31,56","31,75","31,35","175,41K","-1,75%"
"13.01.2017","32,07","32,20","32,28","32,01","154,82K","-0,90%"
"12.01.2017","32,36","32,48","32,53","31,70","302,96K","-1,13%"
"11.01.2017","32,73","31,79","32,80","31,72","374,13K","4,04%"
"10.01.2017","31,46","31,20","31,55","31,18","203,12K","0,41%"
"09.01.2017","31,33","30,95","31,34","30,75","490,45K","4,29%"
"06.01.2017","30,04","29,99","30,25","29,95","156,42K","-0,69%"
"05.01.2017","30,25","30,23","30,38","30,18","204,48K","1,89%"
"04.01.2017","29,69","29,43","29,77","29,35","114,11K","-0,30%"
"03.01.2017","29,78","29,98","30,00","29,64","261,52K","3,84%"
"30.12.2016","28,68","28,93","29,09","28,65","75,99K","-0,38%"
"29.12.2016","28,79","28,89","28,96","28,70","156,11K","-0,96%"
"28.12.2016","29,07","29,35","29,39","29,05","235,51K","-1,42%"
"27.12.2016","29,49","29,52","29,60","29,45","51,44K","-0,20%"
"23.12.2016","29,55","29,76","29,88","29,51","59,07K","-1,17%"
"22.12.2016","29,90","30,09","30,13","29,86","176,04K","-0,17%"
"21.12.2016","29,95","29,82","30,00","29,80","780,88K","3,10%"
"20.12.2016","29,05","29,23","29,39","29,02","198,05K","0,24%"
"19.12.2016","28,98","29,07","29,14","28,88","127,54K","-0,45%"
"16.12.2016","29,11","29,02","29,19","28,97","111,55K","1,78%"
"15.12.2016","28,60","28,59","28,73","28,54","105,32K","0,18%"
"14.12.2016","28,55","28,80","29,20","28,55","184,25K","-0,83%"
"13.12.2016","28,79","28,80","29,14","28,74","412,12K","1,12%"
"12.12.2016","28,47","28,43","28,55","28,36","113,41K","-0,11%"
"09.12.2016","28,50","28,38","28,55","28,30","119,55K","-0,87%"
"08.12.2016","28,75","28,93","28,96","28,75","114,40K","-0,66%"
"07.12.2016","28,94","28,54","29,07","28,51","217,35K","3,17%"
"06.12.2016","28,05","27,93","28,05","27,86","66,11K","0,25%"
"05.12.2016","27,98","27,89","28,05","27,80","159,44K","2,94%"
"02.12.2016","27,18","27,05","27,31","27,00","105,13K","-0,18%"
"01.12.2016","27,23","27,32","27,36","27,07","150,90K","-0,37%"
"30.11.2016","27,33","27,48","27,53","27,25","65,58K","-1,01%"
"29.11.2016","27,61","27,43","27,66","27,40","115,63K","-0,36%"
"28.11.2016","27,71","27,89","28,00","27,68","69,87K","-1,35%"
"25.11.2016","28,09","28,27","28,37","28,08","63,94K","0,90%"
"23.11.2016","27,84","27,55","27,88","27,50","140,86K","0,51%"
"22.11.2016","27,70","27,66","27,77","27,53","91,40K","0,29%"
"21.11.2016","27,62","27,69","27,76","27,50","125,04K","1,92%"
"18.11.2016","27,10","27,23","27,28","27,06","250,06K","-1,38%"
"17.11.2016","27,48","27,41","27,56","27,36","98,28K","0,59%"
"16.11.2016","27,32","27,57","27,66","27,25","123,89K","-2,18%"
"15.11.2016","27,93","27,82","27,95","27,66","114,37K","0,76%"
"14.11.2016","27,72","27,55","27,76","27,53","75,26K","-0,65%"
"11.11.2016","27,90","28,04","28,11","27,80","133,96K","1,05%"
"10.11.2016","27,61","27,68","27,83","27,35","149,05K","0,04%"
"09.11.2016","27,60","27,67","27,78","27,41","230,80K","-2,06%"
"08.11.2016","28,18","28,05","28,20","27,76","110,23K","0,11%"
"07.11.2016","28,15","28,16","28,23","28,03","207,34K","0,04%"
"04.11.2016","28,14","28,32","28,46","28,11","98,01K","-0,57%"
"03.11.2016","28,30","28,60","28,63","28,29","130,97K","-1,12%"
"02.11.2016","28,62","28,96","29,00","28,53","126,56K","-2,45%"
"01.11.2016","29,34","29,80","29,84","29,29","163,54K","-1,38%"
"31.10.2016","29,75","29,64","29,83","29,50","176,78K","0,92%"
"28.10.2016","29,48","29,50","29,65","29,41","114,30K","0,61%"
"27.10.2016","29,30","29,39","29,52","29,25","111,76K","0,45%"
"26.10.2016","29,17","29,14","29,30","29,07","55,74K","0,07%"
"25.10.2016","29,15","29,34","29,39","29,04","113,09K","-0,65%"
"24.10.2016","29,34","29,39","29,45","29,30","96,95K","0,76%"
"21.10.2016","29,12","29,01","29,16","28,96","36,77K","-0,88%"
"20.10.2016","29,38","29,20","29,50","29,13","285,14K","1,07%"
"19.10.2016","29,07","29,00","29,10","28,91","105,82K","0,80%"
"18.10.2016","28,84","28,91","28,99","28,81","45,77K","0,24%"
"17.10.2016","28,77","28,80","28,90","28,67","92,87K","-0,83%"
"14.10.2016","29,01","29,09","29,20","28,90","45,42K","0,31%"
"13.10.2016","28,92","28,63","28,98","28,50","119,07K","-0,55%"
"12.10.2016","29,08","29,10","29,27","28,95","37,08K","-0,41%"
"11.10.2016","29,20","29,57","29,57","29,17","409,48K","-1,48%"
"10.10.2016","29,64","29,48","29,70","29,43","446,76K","1,37%"
"07.10.2016","29,24","29,36","29,50","29,01","57,25K","-0,27%"
"06.10.2016","29,32","29,50","29,54","29,29","129,03K","-0,41%"
"05.10.2016","29,44","29,55","29,58","29,43","162,44K","1,66%"
"04.10.2016","28,96","29,27","29,31","28,91","148,39K","1,61%"
"03.10.2016","28,50","28,70","28,95","28,33","58,65K","-1,42%"
"30.09.2016","28,91","28,34","28,97","28,27","141,51K","3,07%"
"29.09.2016","28,05","28,62","28,65","27,90","100,28K","-1,75%"
"28.09.2016","28,55","28,34","28,59","28,17","96,17K","2,48%"
"27.09.2016","27,86","27,67","27,92","27,60","291,12K","-1,94%"
"26.09.2016","28,41","28,73","28,77","28,36","234,91K","-1,83%"
"23.09.2016","28,94","29,00","29,05","28,88","57,93K","-0,99%"
"22.09.2016","29,23","29,41","29,49","29,12","163,51K","1,21%"
"21.09.2016","28,88","28,74","28,93","28,46","83,23K","1,26%"
"20.09.2016","28,52","28,66","28,73","28,50","66,05K","-0,70%"
"19.09.2016","28,72","28,74","28,95","28,59","53,97K","0,98%"
"16.09.2016","28,44","28,59","28,63","28,37","141,71K","-2,84%"
"15.09.2016","29,27","28,92","29,35","28,86","59,73K","0,48%"
"14.09.2016","29,13","28,99","29,28","28,89","126,22K","-0,24%"
"13.09.2016","29,20","29,54","29,58","29,13","75,14K","-1,42%"
"12.09.2016","29,62","29,11","29,68","29,01","154,20K","1,20%"
"09.09.2016","29,27","29,67","29,72","29,26","74,58K","-1,31%"
"08.09.2016","29,66","29,65","29,90","29,57","74,06K","-0,94%"
"07.09.2016","29,94","30,00","30,05","29,84","190,40K","1,42%"
"06.09.2016","29,52","29,52","29,59","29,36","92,70K","0,58%"
"02.09.2016","29,35","29,28","29,48","29,08","79,42K","0,62%"
"01.09.2016","29,17","29,21","29,32","28,82","106,35K","0,55%"
"31.08.2016","29,01","29,24","29,35","28,99","103,57K","-0,38%"
"30.08.2016","29,12","29,18","29,30","29,01","83,76K","1,46%"
"29.08.2016","28,70","28,50","28,78","28,48","301,79K","-0,69%"
"26.08.2016","28,90","29,34","29,59","28,73","170,86K","1,01%"
"25.08.2016","28,61","28,59","28,82","28,55","127,08K","-1,51%"
"24.08.2016","29,05","29,28","29,29","28,95","179,04K","-0,82%"
"23.08.2016","29,29","29,47","29,63","29,29","188,81K","1,38%"
"22.08.2016","28,89","28,77","29,02","28,68","70,83K","-0,38%"
"19.08.2016","29,00","28,74","29,00","28,65","50,70K","-0,55%"
"18.08.2016","29,16","28,97","29,20","28,94","182,99K","0,31%"
"17.08.2016","29,07","28,99","29,15","28,86","100,55K","-0,82%"
"16.08.2016","29,31","29,66","29,72","29,27","244,41K","-1,71%"
"15.08.2016","29,82","29,88","30,00","29,76","152,08K","1,53%"
"12.08.2016","29,37","29,55","29,64","29,37","73,74K","-1,58%"
"11.08.2016","29,84","29,95","30,03","29,76","140,65K","0,37%"
"10.08.2016","29,73","29,80","29,95","29,70","158,58K","0,78%"
"09.08.2016","29,50","29,32","29,71","29,29","137,25K","1,94%"
"08.08.2016","28,94","29,01","29,08","28,85","92,59K","-0,75%"
"05.08.2016","29,16","28,98","29,19","28,95","156,40K","1,71%"
"04.08.2016","28,67","28,87","28,92","28,55","76,78K","1,34%"
"03.08.2016","28,29","28,23","28,44","28,12","98,44K","-1,08%"
"02.08.2016","28,60","28,81","28,86","28,41","219,72K","-2,39%"
"01.08.2016","29,30","29,50","29,51","29,23","104,21K","-0,95%"
"29.07.2016","29,58","29,34","29,65","29,33","54,58K","1,20%"
"28.07.2016","29,23","29,53","29,54","29,00","129,25K","-2,31%"
"27.07.2016","29,92","30,08","30,11","29,76","361,44K","2,68%"
"26.07.2016","29,14","29,16","29,31","29,05","225,31K","0,94%"
"25.07.2016","28,87","28,96","29,10","28,82","107,69K","0,52%"
"22.07.2016","28,72","28,68","28,72","28,48","165,05K","0,14%"
"21.07.2016","28,68","29,00","29,20","28,61","157,83K","-0,24%"
"20.07.2016","28,75","29,10","29,14","28,73","222,00K","2,64%"
"19.07.2016","28,01","28,20","28,24","28,00","101,40K","-0,85%"
"18.07.2016","28,25","28,20","28,47","28,07","76,24K","-0,32%"
"15.07.2016","28,34","28,10","28,34","27,98","384,22K","-0,11%"
"14.07.2016","28,37","28,64","28,66","28,28","178,87K","1,94%"
"13.07.2016","27,83","28,32","28,39","27,73","153,72K","-1,03%"
"12.07.2016","28,12","28,34","28,41","28,11","244,44K","3,15%"
"11.07.2016","27,26","27,52","27,62","27,24","198,97K","1,49%"
"08.07.2016","26,86","27,00","27,04","26,78","142,50K","3,19%"
"07.07.2016","26,03","26,27","26,41","25,90","193,04K","-1,55%"
"06.07.2016","26,44","26,25","26,53","25,90","459,39K","-0,60%"
"05.07.2016","26,60","26,64","26,69","26,46","795,93K","-4,90%"
"01.07.2016","27,97","28,03","28,24","27,95","203,63K","3,40%"
"30.06.2016","27,05","26,73","27,13","26,50","479,50K","0,15%"
"29.06.2016","27,01","27,18","27,40","26,64","1,11M","-4,39%"
"28.06.2016","28,25","27,48","28,25","27,23","653,95K","5,17%"
"27.06.2016","26,86","27,16","27,30","26,32","607,39K","-6,44%"
"24.06.2016","28,71","27,85","28,86","27,60","1,20M","-6,85%"
"23.06.2016","30,82","30,44","30,86","30,15","261,68K","5,55%"
"22.06.2016","29,20","30,07","30,09","29,20","172,13K","-2,01%"
"21.06.2016","29,80","30,18","30,31","29,68","105,19K","-1,23%"
"20.06.2016","30,17","30,68","30,75","30,15","169,13K","3,00%"
"17.06.2016","29,29","29,14","29,38","28,95","172,01K","2,31%"
"16.06.2016","28,63","28,03","28,70","27,75","225,28K","-1,07%"
"15.06.2016","28,94","28,89","29,29","28,83","197,38K","-1,77%"
"14.06.2016","29,46","28,68","29,50","28,35","225,91K","1,90%"
"13.06.2016","28,91","28,85","29,36","28,80","158,54K","-2,79%"
"10.06.2016","29,74","29,68","30,09","29,53","218,36K","-2,33%"
"09.06.2016","30,45","30,17","30,48","30,08","113,13K","-2,18%"
"08.06.2016","31,13","31,39","31,49","31,08","71,71K","-1,17%"
"07.06.2016","31,50","31,64","31,74","31,47","147,54K","0,86%"
"06.06.2016","31,23","31,14","31,32","31,06","149,45K","1,56%"
"03.06.2016","30,75","30,92","30,99","30,63","117,01K","-1,91%"
"02.06.2016","31,35","31,14","31,49","31,05","140,25K","1,82%"
"01.06.2016","30,79","30,63","30,79","30,36","96,94K","-0,26%"
"31.05.2016","30,87","31,27","31,38","30,81","142,07K","-0,64%"
"27.05.2016","31,07","30,91","31,18","30,76","152,21K","-0,16%"
"26.05.2016","31,12","31,29","31,30","31,00","116,62K","0,97%"
"25.05.2016","30,82","30,77","31,06","30,75","208,12K","0,98%"
"24.05.2016","30,52","30,20","30,74","30,13","90,81K","1,67%"
"23.05.2016","30,02","29,95","30,11","29,89","99,17K","-0,76%"
"20.05.2016","30,25","30,16","30,41","30,15","142,38K","0,03%"
"19.05.2016","30,24","30,39","30,50","30,14","101,10K","0,60%"
"18.05.2016","30,06","29,84","30,47","29,77","137,08K","0,70%"
"17.05.2016","29,85","30,18","30,27","29,66","122,94K","-2,10%"
"16.05.2016","30,49","30,53","30,72","30,35","88,87K","-0,13%"
"13.05.2016","30,53","30,68","30,86","30,45","90,22K","-1,29%"
"12.05.2016","30,93","31,33","31,45","30,67","136,42K","-1,31%"
"11.05.2016","31,34","31,32","31,75","31,30","335,79K","-1,17%"
"10.05.2016","31,71","31,55","31,90","31,51","201,36K","3,49%"
"09.05.2016","30,64","30,84","30,91","30,50","223,37K","1,02%"
"06.05.2016","30,33","29,66","30,47","29,62","226,15K","2,33%"
"05.05.2016","29,64","29,50","29,90","29,45","139,71K","-1,82%"
"04.05.2016","30,19","30,36","30,65","30,15","113,85K","-2,17%"
"03.05.2016","30,86","30,97","30,98","30,53","217,35K","-2,71%"
"02.05.2016","31,72","31,67","31,72","31,36","130,45K","-0,63%"
"29.04.2016","31,92","32,02","32,18","31,62","138,69K","0,73%"
"28.04.2016","31,69","31,85","32,15","31,48","163,97K","-1,15%"
"27.04.2016","32,06","31,84","32,16","31,80","249,22K","3,75%"
"26.04.2016","30,90","30,93","30,97","30,68","261,02K","1,95%"
"25.04.2016","30,31","30,37","30,46","30,04","141,08K","-1,37%"
"22.04.2016","30,73","30,07","31,20","30,03","308,38K","-1,35%"
"21.04.2016","31,15","31,59","31,63","30,45","622,81K","0,65%"
"20.04.2016","30,95","30,74","31,00","29,83","809,33K","5,92%"
"19.04.2016","29,22","29,09","29,30","28,98","241,24K","3,21%"
"18.04.2016","28,31","28,20","28,64","28,10","90,53K","0,78%"
"15.04.2016","28,09","28,52","28,54","28,04","148,28K","-2,43%"
"14.04.2016","28,79","28,71","28,95","28,41","306,91K","1,23%"
"13.04.2016","28,44","28,49","28,54","28,30","135,31K","2,23%"
"12.04.2016","27,82","27,79","27,90","27,33","110,32K","0,47%"
"11.04.2016","27,69","27,69","27,92","27,66","103,80K","1,43%"
"08.04.2016","27,30","27,57","27,74","27,28","73,12K","0,26%"
"07.04.2016","27,23","27,39","27,53","27,15","138,54K","-1,38%"
"06.04.2016","27,61","27,00","27,65","26,96","153,51K","1,47%"
"05.04.2016","27,21","27,00","27,55","27,00","174,12K","-3,13%"
"04.04.2016","28,09","27,96","28,23","27,79","95,31K","-0,57%"
"01.04.2016","28,25","28,30","28,31","27,88","149,31K","-2,52%"
"31.03.2016","28,98","29,02","29,27","28,85","113,74K","-0,24%"
"30.03.2016","29,05","29,14","29,32","28,96","171,45K","2,00%"
"29.03.2016","28,48","27,97","28,62","27,88","121,97K","0,32%"
"28.03.2016","28,39","28,42","28,50","28,29","90,38K","-0,21%"
"24.03.2016","28,45","28,36","28,62","28,20","146,99K","-1,73%"
"23.03.2016","28,95","29,34","29,35","28,88","115,97K","-2,85%"
"22.03.2016","29,80","29,35","29,90","29,27","163,98K","2,76%"
"21.03.2016","29,00","29,36","29,41","29,00","109,15K","-0,28%"
"18.03.2016","29,08","29,39","29,55","29,05","197,23K","-0,95%"
"17.03.2016","29,36","29,38","29,42","29,14","156,95K","0,07%"
"16.03.2016","29,34","28,73","29,37","28,70","164,06K","3,09%"
"15.03.2016","28,46","28,86","28,88","27,75","431,42K","-0,39%"
"14.03.2016","28,57","29,17","29,47","28,03","321,93K","-2,06%"
"11.03.2016","29,17","28,76","29,28","28,69","190,24K","3,59%"
"10.03.2016","28,16","28,48","28,80","27,90","153,86K","-1,78%"
"09.03.2016","28,67","28,45","28,78","28,32","130,58K","2,47%"
"08.03.2016","27,98","29,16","29,34","27,90","238,96K","-4,83%"
"07.03.2016","29,40","29,20","29,93","29,15","325,27K","-2,75%"
"04.03.2016","30,23","30,32","30,58","30,13","372,38K","1,78%"
"03.03.2016","29,70","29,36","29,71","25,05","238,00K","1,89%"
"02.03.2016","29,15","28,77","29,17","28,66","348,41K","2,60%"
"01.03.2016","28,41","28,35","28,55","27,96","518,44K","3,61%"
"29.02.2016","27,42","27,75","27,99","27,42","260,99K","3,43%"
"26.02.2016","26,51","26,54","26,74","26,39","109,78K","2,32%"
"25.02.2016","25,91","25,93","26,07","25,52","180,93K","-0,69%"
"24.02.2016","26,09","25,17","26,25","25,15","255,40K","-1,95%"
"23.02.2016","26,61","26,68","26,87","26,43","140,83K","-1,37%"
"22.02.2016","26,98","27,09","27,13","26,65","312,14K","3,33%"
"19.02.2016","26,11","26,62","26,69","26,02","314,02K","-5,50%"
"18.02.2016","27,63","28,03","28,10","27,50","254,28K","0,80%"
"17.02.2016","27,41","27,13","27,50","27,09","249,11K","3,94%"
"16.02.2016","26,37","26,23","26,43","25,83","308,72K","5,48%"
"12.02.2016","25,00","24,99","25,03","24,65","318,56K","-0,56%"
"11.02.2016","25,14","25,04","25,15","24,79","247,85K","0,84%"
"10.02.2016","24,93","24,84","25,21","24,82","202,40K","0,12%"
"09.02.2016","24,90","24,61","25,00","24,50","450,59K","-1,74%"
"08.02.2016","25,34","25,23","25,37","25,00","392,09K","-4,05%"
"05.02.2016","26,41","26,75","27,04","26,40","278,39K","1,81%"
"04.02.2016","25,94","25,21","25,99","25,21","216,49K","0,66%"
"03.02.2016","25,77","25,57","25,83","25,11","277,59K","0,70%"
"02.02.2016","25,59","25,91","25,94","25,52","212,22K","-2,33%"
"01.02.2016","26,20","25,87","26,26","25,77","157,16K","-0,83%"
"29.01.2016","26,42","25,99","26,43","25,97","282,23K","-1,56%"
"28.01.2016","26,84","26,98","27,05","26,43","158,20K","-1,00%"
"27.01.2016","27,11","26,98","27,44","26,85","130,01K","-0,33%"
"26.01.2016","27,20","26,62","27,28","26,60","133,91K","2,60%"
"25.01.2016","26,51","26,77","26,83","26,45","242,29K","-2,54%"
"22.01.2016","27,20","27,61","27,73","26,95","729,34K","1,12%"
"21.01.2016","26,90","26,09","27,00","25,76","802,56K","4,02%"
"20.01.2016","25,86","25,71","25,90","25,07","648,88K","-2,38%"
"19.01.2016","26,49","26,45","26,82","26,31","265,90K","0,23%"
"15.01.2016","26,43","26,49","26,74","26,05","582,68K","-4,93%"
"14.01.2016","27,80","27,73","27,97","27,32","333,76K","-0,47%"
"13.01.2016","27,93","28,59","28,70","27,90","397,68K","0,18%"
"12.01.2016","27,88","28,25","28,43","27,33","446,14K","0,11%"
"11.01.2016","27,85","28,12","28,32","27,60","383,46K","1,98%"
"08.01.2016","27,31","27,61","27,64","27,10","819,03K","1,71%"
"07.01.2016","26,85","26,86","27,00","26,67","623,44K","-4,58%"
"06.01.2016","28,14","27,67","28,14","27,50","916,30K","-0,71%"
"05.01.2016","28,34","28,46","28,50","27,78","1,05M","-5,85%"
"04.01.2016","30,10","30,02","30,14","29,66","686,77K","-2,84%"
"31.12.2015","30,98","30,80","31,19","30,70","107,56K","-0,61%"
"30.12.2015","31,17","31,23","31,35","31,00","134,42K","-1,08%"
"29.12.2015","31,51","31,55","31,61","31,30","238,21K","-0,60%"
"28.12.2015","31,70","31,47","31,70","31,27","209,76K","1,28%"
"24.12.2015","31,30","31,24","31,40","31,19","96,17K","0,22%"
"23.12.2015","31,23","31,11","31,35","31,10","429,80K","-0,45%"
"22.12.2015","31,37","30,83","31,40","30,75","346,70K","2,85%"
"21.12.2015","30,50","30,73","30,78","30,36","183,00K","0,46%"
"18.12.2015","30,36","30,29","30,45","30,26","230,56K","0,33%"
"17.12.2015","30,26","30,41","30,42","30,11","272,27K","0,43%"
"16.12.2015","30,13","29,70","30,20","29,50","302,90K","2,38%"
"15.12.2015","29,43","29,34","29,75","29,16","348,59K","0,00%"
"14.12.2015","29,43","29,87","29,97","29,02","339,34K","-2,10%"
"11.12.2015","30,06","30,43","30,48","30,05","365,86K","-1,80%"
"10.12.2015","30,61","30,79","31,05","30,60","527,19K","-0,29%"
"09.12.2015","30,70","30,82","31,00","30,52","605,35K","5,50%"
"08.12.2015","29,10","28,68","29,13","28,61","315,00K","-1,76%"
"07.12.2015","29,62","29,85","29,85","29,50","334,37K","-1,27%"
"04.12.2015","30,00","30,07","30,20","29,90","516,01K","0,40%"
"03.12.2015","29,88","30,13","30,17","29,67","920,33K","3,61%"
"02.12.2015","28,84","28,58","29,30","28,54","471,98K","-2,17%"
"01.12.2015","29,48","30,70","30,71","28,65","1,25M","-0,97%"
"30.11.2015","29,77","29,66","29,84","29,51","634,15K","4,68%"
"27.11.2015","28,44","28,40","28,53","28,36","177,77K","-0,91%"
"25.11.2015","28,70","27,59","28,80","27,41","1,22M","4,71%"
"24.11.2015","27,41","27,67","27,70","27,00","444,76K","2,54%"
"23.11.2015","26,73","26,23","26,98","26,14","421,65K","2,97%"
"20.11.2015","25,96","26,83","26,85","25,85","553,66K","-3,92%"
"19.11.2015","27,02","26,29","27,15","26,26","860,71K","4,08%"
"18.11.2015","25,96","25,64","26,16","25,61","411,20K","3,67%"
"17.11.2015","25,04","25,00","25,08","24,87","850,77K","-1,14%"
"16.11.2015","25,33","25,12","25,37","25,01","331,76K","-0,94%"
"13.11.2015","25,57","25,82","25,85","25,00","325,87K","0,67%"
"12.11.2015","25,40","25,05","25,50","25,00","413,07K","0,36%"
"11.11.2015","25,31","25,73","25,75","25,22","259,77K","-1,98%"
"10.11.2015","25,82","25,70","25,85","25,44","356,53K","-0,92%"
"09.11.2015","26,06","26,14","26,24","25,89","506,12K","-1,47%"
"06.11.2015","26,45","26,38","26,49","26,16","467,29K","-0,26%"
"05.11.2015","26,52","26,37","26,57","25,98","1,27M","2,28%"
"04.11.2015","25,93","26,05","26,07","25,46","1,62M","1,73%"
"03.11.2015","25,49","27,00","27,43","25,46","2,19M","-5,59%"
"02.11.2015","27,00","27,93","28,20","26,95","886,93K","-2,88%"
"30.10.2015","27,80","27,91","27,98","27,74","345,15K","0,94%"
"29.10.2015","27,54","27,35","27,57","27,25","643,54K","-0,25%"
"28.10.2015","27,61","27,26","27,75","27,25","403,24K","1,14%"
"27.10.2015","27,30","27,18","27,33","26,98","601,81K","-2,60%"
"26.10.2015","28,03","27,59","28,04","27,41","695,94K","3,01%"
"23.10.2015","27,21","27,83","27,87","26,99","872,11K","-1,56%"
"22.10.2015","27,64","27,12","27,80","27,11","468,07K","0,47%"
"21.10.2015","27,51","27,16","27,68","26,90","489,73K","4,20%"
"20.10.2015","26,40","26,25","26,50","26,25","426,39K","-2,15%"
"19.10.2015","26,98","26,94","27,00","26,55","463,75K","-1,64%"
"16.10.2015","27,43","27,72","27,75","27,30","1,02M","-2,70%"
"15.10.2015","28,19","28,89","28,91","27,98","1,03M","-3,62%"
"14.10.2015","29,25","30,00","30,16","28,70","681,51K","0,00%"
"13.10.2015","29,25","28,93","30,00","28,75","1,01M","-4,00%"
"12.10.2015","30,47","30,40","30,50","29,66","1,09M","7,71%"
"09.10.2015","28,29","29,50","29,74","28,10","1,83M","5,68%"
"08.10.2015","26,77","26,16","26,77","26,00","1,53M","0,60%"
"07.10.2015","26,61","26,03","26,90","25,47","4,20M","8,92%"
"06.10.2015","24,43","23,70","24,49","23,62","1,82M","4,58%"
"05.10.2015","23,36","22,80","23,45","22,80","1,37M","1,26%"
"02.10.2015","23,07","22,91","23,13","22,71","1,91M","-2,74%"
"01.10.2015","23,72","23,84","23,96","23,40","915,98K","-1,58%"
"30.09.2015","24,10","23,52","24,10","23,34","1,88M","3,34%"
"29.09.2015","23,32","23,70","23,72","23,20","1,16M","-2,71%"
"28.09.2015","23,97","23,89","24,20","23,55","3,04M","-6,66%"
"25.09.2015","25,68","25,86","26,08","25,23","3,74M","-5,45%"
"24.09.2015","27,16","27,00","27,19","26,51","6,11M","0,22%"
"23.09.2015","27,10","26,87","27,63","26,05","8,16M","6,53%"
"22.09.2015","25,44","24,41","25,73","24,40","8,60M","-15,48%"
"21.09.2015","30,10","29,72","30,17","29,58","3,24M","-17,10%"
"18.09.2015","36,31","36,67","36,91","36,26","225,77K","-4,52%"
"17.09.2015","38,03","38,05","38,37","37,70","33,27K","0,34%"
"16.09.2015","37,90","37,59","37,94","37,49","31,28K","0,34%"
"15.09.2015","37,77","37,78","37,89","37,58","59,62K","0,80%"
"14.09.2015","37,47","37,35","37,50","37,06","34,33K","-1,08%"
"11.09.2015","37,88","37,55","37,90","37,50","28,37K","0,37%"
"10.09.2015","37,74","37,43","37,83","37,41","45,58K","0,91%"
"09.09.2015","37,40","38,21","38,35","37,40","30,27K","0,46%"
"08.09.2015","37,23","36,95","37,23","36,89","71,06K","4,64%"
"04.09.2015","35,58","35,67","35,82","35,33","236,06K","-1,44%"
"03.09.2015","36,10","36,37","36,67","36,05","67,10K","0,53%"
"02.09.2015","35,91","36,27","36,27","35,69","149,80K","-0,66%"
"01.09.2015","36,15","36,56","36,59","36,06","79,27K","-2,93%"
"31.08.2015","37,24","37,38","37,42","37,09","73,31K","-1,97%"
"28.08.2015","37,99","37,94","38,14","37,72","84,18K","-1,38%"
"27.08.2015","38,52","38,26","38,67","38,19","122,90K","0,76%"
"26.08.2015","38,23","38,13","38,29","37,40","121,63K","2,60%"
"25.08.2015","37,26","38,70","38,74","37,02","142,79K","1,09%"
"24.08.2015","36,86","36,36","37,78","35,78","181,51K","-0,59%"
"21.08.2015","37,08","37,45","37,90","36,91","102,60K","-0,59%"
"20.08.2015","37,30","38,18","38,22","37,28","95,75K","-2,20%"
"19.08.2015","38,14","38,04","38,29","37,83","167,56K","-0,94%"
"18.08.2015","38,50","38,98","39,01","38,45","221,16K","-2,28%"
"17.08.2015","39,40","39,39","39,50","39,25","71,16K","-1,92%"
"14.08.2015","40,17","40,09","40,29","39,95","80,55K","0,17%"
"13.08.2015","40,10","40,13","40,27","39,96","44,88K","-0,02%"
"12.08.2015","40,11","40,25","40,28","39,68","104,43K","-2,36%"
"11.08.2015","41,08","41,28","41,78","40,89","110,84K","-4,02%"
"10.08.2015","42,80","42,15","42,83","42,06","34,58K","1,98%"
"07.08.2015","41,97","41,60","42,12","41,54","25,42K","1,35%"
"06.08.2015","41,41","41,58","41,66","41,35","48,20K","-0,60%"
"05.08.2015","41,66","41,78","41,92","41,52","416,71K","2,84%"
"04.08.2015","40,51","40,75","40,80","40,39","136,54K","0,02%"
"03.08.2015","40,50","40,53","40,64","40,32","64,45K","0,37%"
"31.07.2015","40,35","40,54","40,69","40,25","169,20K","-0,07%"
"30.07.2015","40,38","40,73","40,73","40,22","91,61K","-1,68%"
"29.07.2015","41,07","40,83","41,23","40,74","76,53K","-2,19%"
"28.07.2015","41,99","41,60","42,18","41,43","116,49K","2,87%"
"27.07.2015","40,82","41,45","41,53","40,79","293,99K","-1,21%"
"24.07.2015","41,32","42,06","42,12","41,22","169,13K","-4,64%"
"23.07.2015","43,33","43,38","43,60","43,17","39,56K","1,14%"
"22.07.2015","42,84","42,52","43,04","42,46","97,03K","-1,77%"
"21.07.2015","43,61","43,38","43,63","43,28","28,98K","0,05%"
"20.07.2015","43,59","43,34","43,72","43,30","63,36K","-1,56%"
"17.07.2015","44,28","44,31","44,42","43,87","644,88K","-0,02%"
"16.07.2015","44,29","44,21","44,48","44,03","60,52K","1,70%"
"15.07.2015","43,55","43,59","43,71","43,39","46,18K","-2,46%"
"14.07.2015","44,65","44,01","44,79","43,96","133,78K","-1,30%"
"13.07.2015","45,24","45,45","45,46","45,09","44,07K","-1,35%"
"10.07.2015","45,86","45,44","45,86","45,14","59,63K","2,57%"
"09.07.2015","44,71","45,13","45,25","44,70","53,41K","2,22%"
"08.07.2015","43,74","44,27","44,35","43,57","64,08K","-4,37%"
"07.07.2015","45,74","45,04","45,74","44,35","48,03K","-0,13%"
"06.07.2015","45,80","45,91","46,52","45,73","44,89K","-2,80%"
"02.07.2015","47,12","47,19","47,19","46,85","44,25K","-1,07%"
"01.07.2015","47,63","47,29","47,83","47,21","118,78K","2,85%"
"30.06.2015","46,31","47,07","47,20","46,01","85,60K","-0,54%"
"29.06.2015","46,56","47,21","47,48","46,54","50,03K","-4,45%"
"26.06.2015","48,73","48,48","48,90","48,26","85,77K","1,06%"
"25.06.2015","48,22","48,43","48,43","47,99","19,36K","0,21%"
"24.06.2015","48,12","48,08","48,36","47,87","28,18K","-1,60%"
"23.06.2015","48,90","48,74","49,07","48,60","55,64K","0,49%"
"22.06.2015","48,66","48,32","49,15","48,32","80,85K","4,02%"
"19.06.2015","46,78","46,76","47,04","46,57","57,68K","-0,64%"
"18.06.2015","47,08","46,10","47,59","46,06","49,75K","0,97%"
"17.06.2015","46,63","46,37","46,80","46,26","93,25K","-0,28%"
"16.06.2015","46,76","46,64","46,88","46,44","27,77K","-0,38%"
"15.06.2015","46,94","46,36","47,03","46,27","61,90K","-1,70%"
"12.06.2015","47,75","47,60","47,95","47,14","41,49K","-1,34%"
"11.06.2015","48,40","48,65","48,76","48,06","64,69K","-0,49%"
"10.06.2015","48,64","48,24","48,71","47,95","37,63K","3,87%"
"09.06.2015","46,83","46,73","47,15","46,43","43,61K","-0,68%"
"08.06.2015","47,15","46,83","47,30","46,83","33,17K","-0,67%"
"05.06.2015","47,47","47,54","47,89","47,10","45,00K","-1,43%"
"04.06.2015","48,16","48,35","49,15","47,99","29,01K","-0,82%"
"03.06.2015","48,56","48,52","48,93","48,39","25,66K","0,91%"
"02.06.2015","48,12","47,87","48,15","47,66","112,44K","0,27%"
"01.06.2015","47,99","48,38","48,42","47,62","64,97K","-0,91%"
"29.05.2015","48,43","49,01","49,12","48,18","43,83K","-1,42%"
"28.05.2015","49,13","48,87","49,18","48,50","39,65K","-1,07%"
"27.05.2015","49,66","48,84","49,88","48,75","23,87K","1,10%"
"26.05.2015","49,12","49,73","49,73","48,92","55,92K","-2,58%"
"22.05.2015","50,42","50,63","50,73","50,39","32,63K","-1,29%"
"21.05.2015","51,08","50,88","51,15","50,88","33,28K","-0,51%"
"20.05.2015","51,34","51,35","51,66","51,11","44,41K","-0,50%"
"19.05.2015","51,60","50,97","51,80","50,95","35,41K","2,40%"
"18.05.2015","50,39","50,31","50,74","50,25","25,43K","2,02%"
"15.05.2015","49,39","49,38","49,49","48,86","24,42K","-1,97%"
"14.05.2015","50,38","50,02","50,38","49,90","17,95K","1,98%"
"13.05.2015","49,40","49,57","49,91","49,19","22,90K","0,75%"
"12.05.2015","49,03","49,68","49,69","48,82","87,17K","-2,08%"
"11.05.2015","50,07","50,23","50,34","49,88","14,58K","-1,13%"
"08.05.2015","50,64","50,03","50,76","50,03","39,28K","1,89%"
"07.05.2015","49,70","49,63","50,05","49,49","43,75K","1,33%"
"06.05.2015","49,05","49,29","49,51","48,38","52,70K","-0,02%"
"05.05.2015","49,06","49,79","50,01","49,05","116,54K","-1,09%"
"04.05.2015","49,60","49,79","50,51","49,60","61,00K","-1,29%"
"01.05.2015","50,25","49,93","51,32","49,65","51,06K","-1,12%"
"30.04.2015","50,82","50,90","51,09","50,62","19,92K","-0,51%"
"29.04.2015","51,08","51,38","51,45","50,64","45,35K","-1,35%"
"28.04.2015","51,78","52,21","52,31","51,48","38,00K","-1,37%"
"27.04.2015","52,50","52,25","52,82","52,16","607,50K","3,73%"
"24.04.2015","50,61","49,70","50,61","49,38","659,67K","2,87%"
"23.04.2015","49,20","48,46","49,40","48,23","110,52K","1,69%"
"22.04.2015","48,38","48,58","48,71","48,25","125,24K","-0,29%"
"21.04.2015","48,52","48,67","48,67","48,08","29,19K","-0,04%"
"20.04.2015","48,54","48,99","49,04","48,50","47,20K","-1,84%"
"17.04.2015","49,45","49,85","49,93","49,02","58,83K","-1,73%"
"16.04.2015","50,32","50,07","50,40","49,64","37,54K","-0,51%"
"15.04.2015","50,58","50,62","50,75","50,00","37,23K","-0,94%"
"14.04.2015","51,06","50,77","51,10","50,64","21,23K","0,89%"
"13.04.2015","50,61","50,89","51,06","50,48","66,38K","-2,39%"
"10.04.2015","51,85","51,71","51,90","51,57","28,70K","0,50%"
"09.04.2015","51,59","51,83","51,92","51,50","27,93K","0,25%"
"08.04.2015","51,46","51,78","51,93","51,28","58,28K","0,23%"
"07.04.2015","51,34","51,69","51,81","51,26","39,57K","-1,87%"
"06.04.2015","52,32","52,22","52,50","51,99","34,70K","0,96%"
"02.04.2015","51,82","51,42","51,82","51,28","25,13K","0,93%"
"01.04.2015","51,34","51,34","51,41","50,87","47,65K","0,18%"
"31.03.2015","51,25","51,27","51,60","51,14","58,76K","-1,90%"
"30.03.2015","52,24","52,00","52,35","51,96","61,97K","1,75%"
"27.03.2015","51,34","50,97","51,52","50,82","45,78K","0,55%"
"26.03.2015","51,06","50,31","51,29","49,94","63,44K","-0,62%"
"25.03.2015","51,38","51,95","52,02","51,33","28,46K","-0,21%"
"24.03.2015","51,49","51,44","51,75","51,29","79,36K","0,94%"
"23.03.2015","51,01","51,20","51,45","50,79","54,43K","-2,09%"
"20.03.2015","52,10","52,53","52,63","51,91","139,78K","2,04%"
"19.03.2015","51,06","51,07","51,15","50,64","64,43K","-0,89%"
"18.03.2015","51,52","50,75","51,69","50,50","200,24K","-1,77%"
"17.03.2015","52,45","52,50","52,87","52,23","132,53K","0,04%"
"16.03.2015","52,43","51,62","52,60","51,62","275,42K","3,37%"
"13.03.2015","50,72","50,19","50,73","49,85","97,40K","1,20%"
"12.03.2015","50,12","49,93","50,40","49,82","80,61K","0,06%"
"11.03.2015","50,09","49,52","50,39","49,39","86,76K","2,77%"
"10.03.2015","48,74","48,59","48,99","48,35","30,81K","-1,54%"
"09.03.2015","49,50","49,00","49,54","49,00","46,11K","0,88%"
"06.03.2015","49,07","49,30","49,58","49,07","21,28K","-0,55%"
"05.03.2015","49,34","49,04","49,38","48,95","121,42K","0,65%"
"04.03.2015","49,02","48,70","49,02","48,43","54,53K","-0,57%"
"03.03.2015","49,30","49,75","49,83","48,97","88,32K","-2,72%"
"02.03.2015","50,68","50,13","50,70","49,82","913,31K","0,96%"
"27.02.2015","50,20","47,82","50,21","47,82","245,26K","2,62%"
"26.02.2015","48,92","49,10","49,10","48,80","32,23K","-0,95%"
"25.02.2015","49,39","49,78","49,78","49,15","32,40K","-1,52%"
"24.02.2015","50,15","49,59","50,18","49,37","50,24K","0,00%"
"23.02.2015","50,15","50,34","50,42","50,09","95,09K","0,06%"
"20.02.2015","50,12","49,45","50,38","49,17","79,33K","1,52%"
"19.02.2015","49,37","49,19","49,73","49,07","80,40K","1,63%"
"18.02.2015","48,58","48,14","48,58","48,10","31,38K","1,44%"
"17.02.2015","47,89","47,76","47,97","47,44","60,25K","0,27%"
"13.02.2015","47,76","47,83","47,99","47,58","87,38K","-1,53%"
"12.02.2015","48,50","48,00","48,60","47,92","129,79K","3,30%"
"11.02.2015","46,95","46,77","47,12","46,58","27,74K","0,36%"
"10.02.2015","46,78","46,71","46,97","46,47","66,88K","0,93%"
"09.02.2015","46,35","46,42","46,59","46,22","88,93K","-2,22%"
"06.02.2015","47,40","47,91","48,13","47,33","28,05K","-1,64%"
"05.02.2015","48,19","48,05","48,19","47,72","136,32K","2,29%"
"04.02.2015","47,11","47,00","47,60","46,94","30,50K","-0,86%"
"03.02.2015","47,52","47,31","47,72","47,28","74,73K","3,33%"
"02.02.2015","45,99","45,49","46,00","45,35","38,17K","3,28%"
"30.01.2015","44,53","45,08","45,13","44,53","73,61K","-3,66%"
"29.01.2015","46,22","45,48","46,24","45,36","116,07K","2,71%"
"28.01.2015","45,00","45,59","46,08","44,93","110,53K","-1,06%"
"27.01.2015","45,48","45,43","45,60","44,94","453,55K","-0,18%"
"26.01.2015","45,56","45,24","45,65","45,15","85,59K","1,83%"
"23.01.2015","44,74","44,64","45,15","44,54","125,05K","0,34%"
"22.01.2015","44,59","44,31","44,77","43,95","115,54K","1,32%"
"21.01.2015","44,01","43,61","44,10","43,48","219,19K","0,32%"
"20.01.2015","43,87","43,65","43,87","43,50","49,22K","0,05%"
"16.01.2015","43,85","42,91","43,93","42,78","120,05K","3,40%"
"15.01.2015","42,41","42,69","42,85","42,28","28,10K","-0,98%"
"14.01.2015","42,83","42,47","42,83","42,37","22,29K","0,14%"
"13.01.2015","42,77","43,01","43,17","42,26","74,69K","1,95%"
"12.01.2015","41,95","42,06","42,20","41,44","109,03K","-0,40%"
"09.01.2015","42,12","42,57","42,60","41,81","80,01K","-1,70%"
"08.01.2015","42,85","41,97","43,04","41,88","298,67K","2,54%"
"07.01.2015","41,79","41,59","41,91","41,22","170,21K","0,53%"
"06.01.2015","41,57","41,62","42,10","41,28","221,92K","1,09%"
"05.01.2015","41,12","41,53","41,53","41,00","47,56K","-3,77%"
"02.01.2015","42,73","43,00","43,01","42,49","99,23K","-0,77%"
"31.12.2014","43,06","43,77","43,84","43,06","91,69K","-1,42%"
"30.12.2014","43,68","43,97","44,10","43,53","83,94K","-1,00%"
"29.12.2014","44,12","44,21","44,47","44,11","75,39K","-0,50%"
"26.12.2014","44,34","44,35","44,54","44,31","12,91K","-0,11%"
"24.12.2014","44,39","44,06","44,50","44,05","23,64K","0,43%"
"23.12.2014","44,20","44,35","44,35","44,06","36,77K","-0,25%"
"22.12.2014","44,31","44,72","44,81","44,18","71,59K","-0,87%"
"19.12.2014","44,70","44,44","45,07","44,42","55,68K","-0,16%"
"18.12.2014","44,77","44,59","44,88","44,29","47,53K","1,43%"
"17.12.2014","44,14","43,70","44,45","43,63","192,09K","1,15%"
"16.12.2014","43,64","43,16","44,21","43,14","87,96K","2,61%"
"15.12.2014","42,53","44,15","44,31","42,37","88,99K","-3,69%"
"12.12.2014","44,16","44,82","45,02","44,13","80,67K","-1,45%"
"11.12.2014","44,81","44,91","45,42","44,81","177,90K","0,79%"
"10.12.2014","44,46","45,22","45,28","44,29","116,13K","-1,31%"
"09.12.2014","45,05","44,84","45,32","44,79","124,11K","0,31%"
"08.12.2014","44,91","45,20","45,30","44,83","152,60K","-1,49%"
"05.12.2014","45,59","45,30","45,66","45,13","160,82K","2,33%"
"04.12.2014","44,55","44,79","44,91","44,41","96,13K","-0,20%"
"03.12.2014","44,64","44,79","44,79","44,56","103,12K","-0,67%"
"02.12.2014","44,94","45,25","45,25","44,79","81,00K","-1,30%"
"01.12.2014","45,53","45,22","45,73","45,20","81,00K","0,66%"
"28.11.2014","45,23","45,34","45,38","45,10","16,41K","0,13%"
"26.11.2014","45,17","44,92","45,23","44,80","156,24K","-0,09%"
"25.11.2014","45,21","45,03","45,26","44,96","112,76K","1,62%"
"24.11.2014","44,49","44,34","44,54","44,30","121,22K","2,21%"
"21.11.2014","43,53","43,48","43,70","43,33","99,82K","0,09%"
"20.11.2014","43,49","43,02","43,54","42,93","49,66K","-0,07%"
"19.11.2014","43,52","43,60","43,65","43,05","86,49K","-0,11%"
"18.11.2014","43,57","43,39","43,63","43,28","73,01K","3,30%"
"17.11.2014","42,18","41,86","42,24","41,73","55,80K","0,40%"
"14.11.2014","42,01","41,91","42,21","41,82","70,30K","0,67%"
"13.11.2014","41,73","41,66","41,99","41,56","90,85K","-0,36%"
"12.11.2014","41,88","41,86","41,97","41,70","44,75K","-1,37%"
"11.11.2014","42,46","42,32","42,56","42,08","46,52K","-0,26%"
"10.11.2014","42,57","42,62","42,83","42,40","144,26K","0,57%"
"07.11.2014","42,33","42,45","42,52","42,26","77,77K","-1,26%"
"06.11.2014","42,87","43,32","43,85","42,82","107,60K","-0,65%"
"05.11.2014","43,15","43,02","43,29","42,87","57,73K","1,41%"
"04.11.2014","42,55","42,53","42,66","42,34","139,98K","-0,44%"
"03.11.2014","42,74","42,62","42,87","42,45","58,62K","0,35%"
"31.10.2014","42,59","42,50","42,92","42,45","109,37K","1,45%"
"30.10.2014","41,98","41,30","42,05","41,27","73,45K","2,07%"
"29.10.2014","41,13","41,85","41,87","41,01","80,66K","-0,80%"
"28.10.2014","41,46","41,15","41,46","41,13","51,00K","1,77%"
"27.10.2014","40,74","40,58","40,88","40,07","65,04K","-0,83%"
"24.10.2014","41,08","41,22","41,22","40,77","84,94K","-0,46%"
"23.10.2014","41,27","41,05","41,41","40,93","91,14K","1,95%"
"22.10.2014","40,48","41,08","41,08","40,47","34,59K","-0,95%"
"21.10.2014","40,87","40,81","41,00","40,64","70,75K","1,21%"
"20.10.2014","40,38","39,98","40,44","39,85","58,03K","-1,85%"
"17.10.2014","41,14","40,92","41,50","40,74","86,54K","4,28%"
"16.10.2014","39,45","38,90","39,67","38,83","63,13K","1,75%"
"15.10.2014","38,77","38,52","38,92","38,08","91,23K","-1,20%"
"14.10.2014","39,24","39,42","39,52","39,02","141,13K","1,63%"
"13.10.2014","38,61","38,92","39,04","38,50","56,34K","2,01%"
"10.10.2014","37,85","38,34","38,53","37,85","90,90K","-2,72%"
"09.10.2014","38,91","40,11","40,11","38,83","71,59K","-2,80%"
"08.10.2014","40,03","39,45","40,03","39,14","56,67K","1,42%"
"07.10.2014","39,47","39,65","39,84","39,37","61,62K","0,05%"
"06.10.2014","39,45","39,82","39,88","39,09","65,41K","0,00%"
"03.10.2014","39,45","39,62","39,68","39,40","102,46K","-0,93%"
"02.10.2014","39,82","40,31","40,36","39,54","238,43K","-0,82%"
"01.10.2014","40,15","40,68","40,68","39,95","136,82K","-2,74%"
"30.09.2014","41,28","41,16","41,47","40,89","73,94K","-0,89%"
"29.09.2014","41,65","41,77","41,87","41,48","79,69K","-1,42%"
"26.09.2014","42,25","42,24","42,34","41,94","30,59K","0,26%"
"25.09.2014","42,14","42,55","42,55","41,82","190,52K","-2,27%"
"24.09.2014","43,12","43,30","43,30","42,94","131,52K","-0,53%"
"23.09.2014","43,35","43,63","43,78","43,30","116,87K","-2,01%"
"22.09.2014","44,24","44,54","44,54","44,06","57,86K","-0,70%"
"19.09.2014","44,55","45,04","45,15","44,48","160,56K","-0,74%"
"18.09.2014","44,88","44,92","45,04","44,67","175,47K","0,72%"
"17.09.2014","44,56","45,37","45,37","44,56","217,92K","-1,94%"
"16.09.2014","45,44","44,90","45,50","44,85","81,69K","1,09%"
"15.09.2014","44,95","44,92","45,08","44,92","31,88K","-0,22%"
"12.09.2014","45,05","45,15","45,25","44,80","103,93K","-0,31%"
"11.09.2014","45,19","45,04","45,26","45,01","90,49K","0,09%"
"10.09.2014","45,15","45,03","45,25","44,84","61,21K","-0,59%"
"09.09.2014","45,42","45,29","45,55","45,20","47,50K","-1,30%"
"08.09.2014","46,02","46,15","46,25","45,75","70,38K","-1,10%"
"05.09.2014","46,53","46,30","46,53","46,17","49,23K","1,53%"
"04.09.2014","45,83","45,75","46,09","45,29","182,35K","0,84%"
"03.09.2014","45,45","45,89","45,90","45,44","91,08K","1,02%"
"02.09.2014","44,99","45,25","45,25","44,72","56,78K","0,04%"
"29.08.2014","44,97","44,83","44,98","44,56","65,64K","-0,86%"
"28.08.2014","45,36","45,03","45,36","44,85","113,80K","-1,09%"
"27.08.2014","45,86","45,97","45,97","45,69","47,38K","0,09%"
"26.08.2014","45,82","45,88","46,12","45,82","44,23K","0,26%"
"25.08.2014","45,70","45,88","45,99","45,61","59,62K","0,35%"
"22.08.2014","45,54","45,74","45,81","45,40","51,52K","-0,83%"
"21.08.2014","45,92","45,94","45,98","45,58","49,32K","1,26%"
"20.08.2014","45,35","45,33","45,52","45,28","59,23K","-0,48%"
"19.08.2014","45,57","45,52","45,69","45,43","97,30K","1,38%"
"18.08.2014","44,95","44,88","45,05","44,77","61,92K","0,25%"
"15.08.2014","44,84","45,20","45,27","44,25","80,41K","-0,36%"
"14.08.2014","45,00","44,98","45,13","44,88","55,25K","-0,33%"
"13.08.2014","45,15","45,15","45,27","44,95","61,68K","1,12%"
"12.08.2014","44,65","44,52","44,74","44,50","108,44K","-1,04%"
"11.08.2014","45,12","44,77","45,14","44,68","164,43K","1,17%"
"08.08.2014","44,60","44,03","44,60","43,89","127,68K","0,79%"
"07.08.2014","44,25","44,88","44,99","44,06","54,11K","-1,40%"
"06.08.2014","44,88","43,88","44,89","43,79","71,48K","0,34%"
"05.08.2014","44,73","45,18","45,22","44,52","161,36K","-3,87%"
"04.08.2014","46,53","46,49","46,58","46,15","42,71K","1,37%"
"01.08.2014","45,90","45,96","46,15","45,75","33,25K","-0,84%"
"31.07.2014","46,29","47,09","47,16","46,21","73,60K","-0,98%"
"30.07.2014","46,75","47,10","47,10","46,42","67,72K","-0,79%"
"29.07.2014","47,12","47,33","47,67","47,12","73,71K","0,15%"
"28.07.2014","47,05","47,47","47,47","46,89","115,57K","-2,51%"
"25.07.2014","48,26","48,61","48,61","48,05","34,62K","-1,21%"
"24.07.2014","48,85","49,04","49,08","48,74","50,00K","-0,29%"
"23.07.2014","48,99","49,38","49,38","48,97","28,77K","0,25%"
"22.07.2014","48,87","49,01","49,11","48,80","53,15K","-0,12%"
"21.07.2014","48,93","49,06","49,08","48,70","71,87K","-1,53%"
"18.07.2014","49,69","49,31","49,79","49,31","26,98K","0,36%"
"17.07.2014","49,51","50,30","50,35","49,51","47,21K","-3,21%"
"16.07.2014","51,15","51,36","51,47","50,90","34,78K","0,99%"
"15.07.2014","50,65","50,95","51,01","50,39","38,37K","0,42%"
"14.07.2014","50,44","50,60","50,66","50,39","77,47K","0,88%"
"11.07.2014","50,00","50,05","50,19","49,88","259,90K","0,24%"
"10.07.2014","49,88","49,56","50,04","49,39","144,30K","-0,34%"
"09.07.2014","50,05","50,12","50,26","49,93","270,99K","-0,38%"
"08.07.2014","50,24","50,79","50,79","50,16","113,68K","-1,64%"
"07.07.2014","51,08","51,61","51,77","51,02","120,40K","-2,35%"
"03.07.2014","52,31","51,52","52,36","51,49","26,71K","-0,76%"
"02.07.2014","52,71","52,40","52,81","52,39","54,17K","1,29%"
"01.07.2014","52,04","51,99","52,24","51,82","32,12K","0,37%"
"30.06.2014","51,85","51,34","51,95","51,31","47,91K","-0,10%"
"27.06.2014","51,90","51,46","51,90","51,34","88,61K","0,72%"
"26.06.2014","51,53","51,86","51,88","51,17","309,31K","-1,42%"
"25.06.2014","52,27","51,69","52,27","51,55","46,73K","0,38%"
"24.06.2014","52,07","52,25","52,38","52,04","42,00K","-0,97%"
"23.06.2014","52,58","52,43","52,68","52,38","36,00K","-0,59%"
"20.06.2014","52,89","53,12","53,12","52,61","26,02K","-0,21%"
"19.06.2014","53,00","53,01","53,19","52,95","26,45K","0,47%"
"18.06.2014","52,75","52,55","52,84","52,38","32,65K","0,48%"
"17.06.2014","52,50","52,23","52,50","52,15","79,21K","0,63%"
"16.06.2014","52,17","52,16","52,27","52,03","35,64K","-0,31%"
"13.06.2014","52,33","52,47","52,47","52,10","21,74K","-0,49%"
"12.06.2014","52,59","52,61","52,86","52,53","29,17K","0,69%"
"11.06.2014","52,23","52,36","52,42","52,20","23,44K","0,27%"
"10.06.2014","52,09","52,46","52,52","52,05","117,63K","-1,23%"
"09.06.2014","52,74","52,87","53,05","52,65","59,68K","-0,72%"
"06.06.2014","53,12","53,19","53,28","52,88","41,57K","0,23%"
"05.06.2014","53,00","52,07","53,00","52,07","21,03K","2,26%"
"04.06.2014","51,83","51,59","51,85","51,50","33,66K","-1,46%"
"03.06.2014","52,60","52,88","53,16","52,19","146,40K","-0,94%"
"02.06.2014","53,10","52,93","53,15","52,63","52,96K","1,10%"
"30.05.2014","52,52","52,73","52,80","52,52","16,55K","-0,30%"
"29.05.2014","52,68","52,68","52,85","52,64","28,42K","0,40%"
"28.05.2014","52,47","52,52","52,65","52,20","53,86K","-0,40%"
"27.05.2014","52,68","52,89","53,00","52,56","23,63K","0,92%"
"23.05.2014","52,20","52,05","52,32","51,93","20,27K","1,03%"
"22.05.2014","51,67","51,57","51,76","51,48","30,08K","-0,23%"
"21.05.2014","51,79","51,56","51,90","51,50","28,24K","0,82%"
"20.05.2014","51,37","51,31","51,68","51,17","41,16K","-0,14%"
"19.05.2014","51,44","51,14","51,60","51,12","19,10K","0,47%"
"16.05.2014","51,20","50,90","51,20","50,74","19,65K","0,89%"
"15.05.2014","50,75","50,64","50,85","50,21","21,13K","-0,10%"
"14.05.2014","50,80","50,05","50,99","50,05","45,78K","1,34%"
"13.05.2014","50,13","50,45","50,76","50,02","20,49K","-1,53%"
"12.05.2014","50,91","51,89","51,99","50,80","21,42K","0,02%"
"09.05.2014","50,90","51,88","51,89","50,53","50,56K","-2,12%"
"08.05.2014","52,00","52,21","52,49","51,94","46,50K","0,68%"
"07.05.2014","51,65","51,83","52,13","51,52","38,02K","-0,58%"
"06.05.2014","51,95","51,76","52,07","51,52","47,29K","-1,10%"
"05.05.2014","52,53","51,57","52,59","51,14","168,46K","0,56%"
"02.05.2014","52,24","52,25","52,46","52,12","19,34K","-1,79%"
"01.05.2014","53,19","53,37","53,37","53,18","6,90K","-0,51%"
"30.04.2014","53,46","53,27","53,46","52,98","47,98K","2,14%"
"29.04.2014","52,34","52,75","53,00","52,23","74,89K","-1,84%"
"28.04.2014","53,32","52,67","53,32","52,50","39,31K","1,60%"
"25.04.2014","52,48","52,41","52,58","52,17","53,47K","-1,33%"
"24.04.2014","53,19","52,82","53,29","52,28","13,13K","-0,39%"
"23.04.2014","53,40","53,30","53,44","53,04","50,13K","-0,48%"
"22.04.2014","53,66","53,83","53,85","53,55","27,64K","1,09%"
"21.04.2014","53,08","53,01","53,15","52,97","15,02K","0,13%"
"17.04.2014","53,01","53,00","53,20","52,85","82,80K","0,49%"
"16.04.2014","52,75","52,28","52,75","52,01","79,26K","2,89%"
"15.04.2014","51,27","51,81","51,90","50,76","31,49K","-1,52%"
"14.04.2014","52,06","52,28","52,33","51,76","34,83K","-0,71%"
"11.04.2014","52,43","52,40","53,10","52,40","52,77K","-0,63%"
"10.04.2014","52,76","53,50","53,75","52,75","74,87K","-1,90%"
"09.04.2014","53,78","52,77","53,79","52,67","178,73K","5,72%"
"08.04.2014","50,87","50,79","51,26","50,70","34,38K","0,14%"
"07.04.2014","50,80","50,90","51,10","50,65","72,38K","-0,26%"
"04.04.2014","50,93","51,05","51,29","50,90","42,56K","0,55%"
"03.04.2014","50,65","51,11","51,33","50,61","21,81K","-1,00%"
"02.04.2014","51,16","51,35","51,38","51,00","134,96K","-0,02%"
"01.04.2014","51,17","51,25","51,37","51,07","210,89K","0,77%"
"31.03.2014","50,78","50,61","50,80","50,51","344,50K","0,81%"
"28.03.2014","50,37","50,25","50,65","50,25","30,08K","2,54%"
"27.03.2014","49,12","49,42","49,49","49,07","34,90K","0,18%"
"26.03.2014","49,03","49,30","49,51","48,92","61,77K","0,49%"
"25.03.2014","48,79","48,34","48,80","48,10","107,63K","1,73%"
"24.03.2014","47,96","48,25","48,25","47,35","58,41K","0,31%"
"21.03.2014","47,81","48,39","48,57","47,74","30,25K","-1,85%"
"20.03.2014","48,71","48,45","48,88","48,11","49,17K","-0,37%"
"19.03.2014","48,89","49,55","49,55","48,56","34,92K","-0,22%"
"18.03.2014","49,00","49,02","49,44","48,82","48,75K","0,18%"
"17.03.2014","48,91","48,47","48,92","48,47","26,70K","1,37%"
"14.03.2014","48,25","47,80","48,74","47,68","37,85K","-0,21%"
"13.03.2014","48,35","50,56","50,70","48,15","89,96K","-1,47%"
"12.03.2014","49,07","48,49","49,23","48,25","54,60K","-0,16%"
"11.03.2014","49,15","49,13","49,51","49,03","45,53K","0,92%"
"10.03.2014","48,70","49,31","49,31","48,44","55,46K","-2,42%"
"07.03.2014","49,91","50,60","50,62","49,73","101,74K","-0,83%"
"06.03.2014","50,33","50,58","50,72","50,33","20,80K","0,46%"
"05.03.2014","50,10","50,18","50,40","50,10","33,43K","-0,60%"
"04.03.2014","50,40","50,92","50,94","50,11","71,63K","1,59%"
"03.03.2014","49,61","49,59","49,79","49,18","97,51K","-2,65%"
"28.02.2014","50,96","50,74","51,20","50,72","29,63K","0,67%"
"27.02.2014","50,62","50,26","50,74","50,19","30,60K","-0,39%"
"26.02.2014","50,82","51,05","51,15","50,56","33,67K","-0,88%"
"25.02.2014","51,27","51,29","51,44","50,86","49,92K","0,33%"
"24.02.2014","51,10","50,45","51,35","50,00","132,30K","-0,62%"
"21.02.2014","51,42","53,03","53,55","51,41","109,83K","-2,98%"
"20.02.2014","53,00","52,59","53,04","52,57","39,32K","-0,38%"
"19.02.2014","53,20","53,58","53,87","53,20","32,72K","-0,71%"
"18.02.2014","53,58","53,59","53,91","53,46","23,46K","-0,02%"
"14.02.2014","53,59","53,30","53,74","53,25","45,20K","1,06%"
"13.02.2014","53,03","52,12","53,03","51,99","37,18K","1,79%"
"12.02.2014","52,10","51,97","52,24","51,87","32,83K","1,24%"
"11.02.2014","51,46","50,83","51,50","50,73","37,72K","2,35%"
"10.02.2014","50,28","50,05","50,30","49,87","68,69K","0,56%"
"07.02.2014","50,00","49,59","50,00","49,40","41,78K","1,09%"
"06.02.2014","49,46","48,84","49,60","48,70","49,60K","2,23%"
"05.02.2014","48,38","48,27","48,51","48,07","38,22K","1,64%"
"04.02.2014","47,60","47,77","47,96","47,35","59,72K","-0,29%"
"03.02.2014","47,74","48,66","48,75","47,74","220,26K","-1,42%"
"31.01.2014","48,43","48,09","48,88","48,03","71,71K","-2,22%"
"30.01.2014","49,53","49,68","49,77","49,18","90,22K","-0,94%"
"29.01.2014","50,00","49,80","50,44","49,58","36,72K","-3,04%"
"28.01.2014","51,57","51,00","51,58","50,95","54,33K","2,73%"
"27.01.2014","50,20","50,80","50,96","49,95","62,83K","0,24%"
"24.01.2014","50,08","51,48","51,48","50,05","123,22K","-4,61%"
"23.01.2014","52,50","53,17","53,17","52,42","78,03K","-1,43%"
"22.01.2014","53,26","53,24","53,42","53,07","28,05K","-0,65%"
"21.01.2014","53,61","53,66","53,66","53,27","57,79K","0,41%"
"17.01.2014","53,39","53,64","53,68","53,11","46,89K","-0,39%"
"16.01.2014","53,60","53,64","53,82","53,38","38,68K","0,45%"
"15.01.2014","53,36","53,12","53,62","53,12","49,78K","1,43%"
"14.01.2014","52,61","52,27","52,62","52,02","63,08K","-0,09%"
"13.01.2014","52,66","53,73","53,93","52,52","164,56K","-1,88%"
"10.01.2014","53,67","53,35","53,71","53,26","38,06K","1,84%"
"09.01.2014","52,70","52,80","53,10","52,45","29,94K","0,23%"
"08.01.2014","52,58","52,68","52,79","52,28","42,16K","-0,70%"
"07.01.2014","52,95","52,61","52,95","52,41","32,54K","0,40%"
"06.01.2014","52,74","52,60","52,83","52,37","103,63K","0,36%"
"03.01.2014","52,55","52,93","52,93","52,42","47,34K","-0,96%"
"02.01.2014","53,06","53,09","53,09","52,52","102,43K","-3,00%"
"31.12.2013","54,70","54,45","54,84","54,25","29,52K","-0,22%"
"30.12.2013","54,82","54,39","54,88","54,20","57,29K","1,63%"
"27.12.2013","53,94","53,97","54,11","53,85","46,17K","1,60%"
"26.12.2013","53,09","52,70","53,12","52,70","32,86K","0,53%"
"24.12.2013","52,81","52,63","52,85","52,45","18,50K","0,08%"
"23.12.2013","52,77","52,71","52,88","52,47","63,92K","1,01%"
"20.12.2013","52,24","52,14","52,27","52,01","142,47K","0,37%"
"19.12.2013","52,05","51,90","52,10","51,57","30,03K","0,13%"
"18.12.2013","51,98","51,59","52,20","51,53","26,58K","1,33%"
"17.12.2013","51,30","51,14","51,46","51,00","26,26K","0,59%"
"16.12.2013","51,00","51,03","51,24","50,77","74,88K","1,82%"
"13.12.2013","50,09","50,13","50,24","49,98","38,71K","-0,02%"
"12.12.2013","50,10","50,67","50,67","49,92","73,80K","-1,44%"
"11.12.2013","50,83","51,24","51,24","50,83","29,55K","-0,24%"
"10.12.2013","50,95","51,10","51,34","50,89","36,86K","-0,59%"
"09.12.2013","51,25","51,43","51,49","51,17","57,09K","-0,12%"
"06.12.2013","51,31","51,10","51,31","50,84","38,02K","1,56%"
"05.12.2013","50,52","50,82","50,82","50,47","28,88K","-0,90%"
"04.12.2013","50,98","50,61","51,05","50,46","32,21K","0,53%"
"03.12.2013","50,71","50,99","51,16","50,65","57,88K","-2,10%"
"02.12.2013","51,80","52,02","52,15","51,79","73,15K","-0,44%"
"29.11.2013","52,03","51,75","52,06","51,62","54,29K","0,41%"
"27.11.2013","51,82","51,46","51,84","51,32","84,76K","1,39%"
"26.11.2013","51,11","51,09","51,27","50,77","22,27K","0,81%"
"25.11.2013","50,70","50,80","51,01","50,63","44,83K","-0,90%"
"22.11.2013","51,16","50,65","51,22","50,46","247,44K","0,83%"
"21.11.2013","50,74","50,65","50,75","50,36","76,47K","1,52%"
"20.11.2013","49,98","50,65","50,72","49,98","39,01K","-1,03%"
"19.11.2013","50,50","50,53","50,74","50,37","71,17K","0,60%"
"18.11.2013","50,20","50,61","50,75","50,15","68,17K","0,36%"
"15.11.2013","50,02","49,99","50,07","49,91","61,04K","1,38%"
"14.11.2013","49,34","49,52","49,74","49,34","97,49K","0,22%"
"13.11.2013","49,23","48,46","49,34","48,41","62,15K","0,51%"
"12.11.2013","48,98","49,00","49,16","48,89","45,57K","-0,59%"
"11.11.2013","49,27","49,32","49,46","49,12","34,57K","-0,06%"
"08.11.2013","49,30","48,83","49,36","48,72","54,18K","0,08%"
"07.11.2013","49,26","49,88","49,88","49,00","22,76K","-0,69%"
"06.11.2013","49,60","49,37","49,67","49,35","41,07K","0,92%"
"05.11.2013","49,15","48,81","49,19","48,67","79,88K","-1,09%"
"04.11.2013","49,69","49,48","49,70","49,37","41,75K","1,49%"
"01.11.2013","48,96","49,31","49,31","48,78","195,89K","-0,08%"
"31.10.2013","49,00","48,84","49,34","48,72","72,36K","0,93%"
"30.10.2013","48,55","47,99","48,95","47,99","238,67K","5,34%"
"29.10.2013","46,09","46,21","46,33","45,98","55,18K","-0,69%"
"28.10.2013","46,41","46,43","46,62","46,09","68,83K","-1,61%"
"25.10.2013","47,17","47,16","47,25","47,00","92,16K","-1,05%"
"24.10.2013","47,67","47,40","47,70","47,31","48,18K","1,00%"
"23.10.2013","47,20","47,06","47,23","46,91","98,90K","-1,03%"
"22.10.2013","47,69","47,38","47,84","47,38","155,57K","1,47%"
"21.10.2013","47,00","46,89","47,04","46,81","44,05K","0,21%"
"18.10.2013","46,90","46,74","46,99","46,62","109,80K","-1,33%"
"17.10.2013","47,53","46,74","47,56","46,66","82,85K","2,22%"
"16.10.2013","46,50","46,19","46,68","46,06","66,95K","1,86%"
"15.10.2013","45,65","45,83","45,90","45,49","67,99K","-0,80%"
"14.10.2013","46,02","45,67","46,07","45,67","37,08K","0,57%"
"11.10.2013","45,76","45,72","45,81","45,52","42,64K","-0,13%"
"10.10.2013","45,82","45,13","45,89","45,13","68,09K","3,48%"
"09.10.2013","44,28","44,13","44,40","44,00","49,12K","0,25%"
"08.10.2013","44,17","44,64","44,64","44,12","41,60K","-1,43%"
"07.10.2013","44,81","44,44","44,92","44,41","46,38K","0,81%"
"04.10.2013","44,45","44,54","44,69","44,41","44,70K","-0,11%"
"03.10.2013","44,50","44,89","45,02","44,37","68,56K","-2,05%"
"02.10.2013","45,43","45,30","45,48","45,05","85,95K","-0,76%"
"01.10.2013","45,78","45,59","45,93","45,50","45,75K","0,95%"
"30.09.2013","45,35","45,29","45,60","45,29","78,66K","-1,69%"
"27.09.2013","46,13","45,94","46,13","45,83","33,55K","0,20%"
"26.09.2013","46,04","45,90","46,12","45,76","36,70K","-0,82%"
"25.09.2013","46,42","46,19","46,62","46,04","46,78K","1,04%"
"24.09.2013","45,94","46,05","46,21","45,85","57,58K","1,23%"
"23.09.2013","45,38","45,75","45,77","44,98","55,46K","-0,44%"
"20.09.2013","45,58","45,47","45,59","45,29","68,25K","-2,10%"
"19.09.2013","46,56","47,00","47,10","46,20","60,30K","-2,55%"
"18.09.2013","47,78","46,47","47,79","46,32","95,93K","2,89%"
"17.09.2013","46,44","46,39","46,61","46,39","61,02K","-1,74%"
"16.09.2013","47,26","47,59","47,65","47,20","56,23K","0,55%"
"13.09.2013","47,00","47,02","47,02","46,78","39,92K","1,47%"
"12.09.2013","46,32","46,25","46,57","46,14","62,88K","-0,49%"
"11.09.2013","46,55","46,21","46,55","46,21","47,91K","0,11%"
"10.09.2013","46,50","45,65","46,50","45,65","65,07K","4,97%"
"09.09.2013","44,30","44,08","44,44","44,00","126,63K","0,54%"
"06.09.2013","44,06","44,10","44,17","43,70","71,73K","-0,18%"
"05.09.2013","44,14","44,08","44,19","43,90","185,28K","0,71%"
"04.09.2013","43,83","43,77","43,87","43,22","118,94K","-0,86%"
"03.09.2013","44,21","44,40","44,43","44,00","52,16K","-0,47%"
"30.08.2013","44,42","44,86","44,95","44,33","38,27K","-1,55%"
"29.08.2013","45,12","45,00","45,43","44,99","44,85K","0,29%"
"28.08.2013","44,99","44,68","45,00","44,46","86,77K","-1,90%"
"27.08.2013","45,86","46,07","46,49","45,80","84,73K","-3,45%"
"26.08.2013","47,50","47,51","47,85","47,50","59,56K","-0,44%"
"23.08.2013","47,71","47,59","47,89","47,23","134,45K","-0,48%"
"22.08.2013","47,94","47,39","47,96","47,39","92,96K","2,17%"
"21.08.2013","46,92","47,17","47,46","46,80","71,32K","-0,49%"
"20.08.2013","47,15","46,99","47,20","46,89","38,13K","-0,49%"
"19.08.2013","47,38","47,40","47,59","47,23","68,31K","-0,15%"
"16.08.2013","47,45","47,31","47,49","47,04","80,97K","-1,10%"
"15.08.2013","47,98","47,51","48,00","47,31","149,14K","-0,66%"
"14.08.2013","48,30","47,85","48,35","47,85","177,59K","0,62%"
"13.08.2013","48,00","47,10","48,04","47,03","275,40K","0,67%"
"12.08.2013","47,68","47,00","47,71","46,95","129,95K","1,38%"
"09.08.2013","47,03","46,83","47,10","46,70","68,12K","0,75%"
"08.08.2013","46,68","46,56","46,78","46,22","44,80K","0,89%"
"07.08.2013","46,27","46,17","46,34","45,94","54,24K","-0,81%"
"06.08.2013","46,65","46,91","47,18","46,32","50,07K","-0,38%"
"05.08.2013","46,83","46,44","46,87","46,44","55,07K","0,99%"
"02.08.2013","46,37","45,79","46,65","45,79","63,33K","-0,62%"
"01.08.2013","46,66","46,10","46,69","46,09","85,01K","1,97%"
"31.07.2013","45,76","45,20","46,00","45,01","160,00K","0,79%"
"30.07.2013","45,40","44,56","45,50","44,52","174,07K","2,00%"
"29.07.2013","44,51","44,27","44,52","44,10","128,34K","0,98%"
"26.07.2013","44,08","43,77","44,10","43,64","195,50K","-1,12%"
"25.07.2013","44,58","43,80","44,65","43,68","113,32K","2,18%"
"24.07.2013","43,63","43,58","43,95","43,49","68,91K","0,41%"
"23.07.2013","43,45","43,23","43,50","43,10","103,13K","1,26%"
"22.07.2013","42,91","43,25","43,41","42,70","52,70K","-0,69%"
"19.07.2013","43,21","43,19","43,39","42,96","29,84K","-0,21%"
"18.07.2013","43,30","42,95","43,44","42,88","122,83K","1,05%"
"17.07.2013","42,85","42,58","42,91","42,58","59,00K","0,92%"
"16.07.2013","42,46","42,20","42,59","42,10","44,52K","0,33%"
"15.07.2013","42,32","42,05","42,40","42,03","49,11K","0,76%"
"12.07.2013","42,00","41,54","43,66","41,54","73,31K","0,62%"
"11.07.2013","41,74","41,32","41,89","41,12","60,61K","3,09%"
"10.07.2013","40,49","40,14","40,63","40,00","66,53K","0,90%"
"09.07.2013","40,13","40,34","40,35","39,83","63,32K","1,59%"
"08.07.2013","39,50","39,78","39,78","39,41","30,69K","0,82%"
"05.07.2013","39,18","39,08","39,23","38,81","46,26K","1,14%"
"03.07.2013","38,74","38,37","38,90","38,22","38,10K","-0,56%"
"02.07.2013","38,96","39,46","39,67","38,84","32,30K","-1,47%"
"01.07.2013","39,54","39,16","39,80","39,16","37,25K","1,44%"
"28.06.2013","38,98","39,01","39,26","38,80","63,84K","-1,07%"
"27.06.2013","39,40","39,26","39,60","39,14","31,67K","1,08%"
"26.06.2013","38,98","39,00","39,10","38,66","73,76K","0,44%"
"25.06.2013","38,81","38,89","38,93","38,41","47,61K","2,86%"
"24.06.2013","37,73","37,52","37,86","37,12","102,62K","-1,74%"
"21.06.2013","38,40","38,81","38,81","37,99","69,00K","-1,34%"
"20.06.2013","38,92","38,93","39,12","38,74","155,31K","-4,54%"
"19.06.2013","40,77","41,49","41,70","40,70","65,66K","-3,00%"
"18.06.2013","42,03","41,85","42,17","41,77","26,57K","0,10%"
"17.06.2013","41,99","42,30","42,33","41,66","37,22K","1,67%"
"14.06.2013","41,30","41,25","41,57","41,10","28,13K","-0,46%"
"13.06.2013","41,49","40,90","41,49","40,60","38,15K","0,97%"
"12.06.2013","41,09","41,55","41,69","41,08","56,85K","-2,38%"
"11.06.2013","42,09","42,30","42,64","42,09","69,05K","-3,29%"
"10.06.2013","43,52","43,54","43,70","43,26","56,27K","1,68%"
"07.06.2013","42,80","42,44","43,14","42,42","46,19K","1,28%"
"06.06.2013","42,26","42,11","42,50","41,85","62,75K","0,84%"
"05.06.2013","41,91","42,15","42,35","41,90","53,42K","-0,52%"
"04.06.2013","42,13","42,00","42,27","41,73","56,06K","-2,07%"
"03.06.2013","43,02","42,71","43,08","42,50","107,91K","0,70%"
"31.05.2013","42,72","42,84","43,07","42,65","39,41K","-1,13%"
"30.05.2013","43,21","42,61","43,25","42,60","70,40K","2,59%"
"29.05.2013","42,12","42,28","42,34","42,00","78,08K","0,21%"
"28.05.2013","42,03","42,20","42,50","41,84","72,33K","-1,08%"
"24.05.2013","42,49","42,34","42,72","42,21","34,60K","-0,14%"
"23.05.2013","42,55","41,51","42,70","41,50","139,90K","-0,82%"
"22.05.2013","42,90","43,28","43,79","42,81","106,00K","0,12%"
"21.05.2013","42,85","42,57","42,94","42,33","66,59K","-0,70%"
"20.05.2013","43,15","43,00","43,25","42,88","82,31K","4,48%"
"17.05.2013","41,30","40,90","41,40","40,79","61,95K","3,20%"
"16.05.2013","40,02","39,66","40,05","39,60","169,13K","0,58%"
"15.05.2013","39,79","39,46","39,80","39,46","61,08K","0,48%"
"14.05.2013","39,60","39,45","39,72","39,45","171,43K","1,98%"
"13.05.2013","38,83","38,91","39,10","38,83","126,42K","-0,92%"
"10.05.2013","39,19","39,04","39,20","38,78","61,09K","-0,56%"
"09.05.2013","39,41","39,70","41,00","39,40","325,57K","-0,83%"
"08.05.2013","39,74","39,78","40,08","39,65","101,26K","1,27%"
"07.05.2013","39,24","39,69","39,76","39,12","42,90K","-0,81%"
"06.05.2013","39,56","39,68","39,72","39,34","72,66K","-0,63%"
"03.05.2013","39,81","39,10","39,97","39,09","96,07K","3,73%"
"02.05.2013","38,38","38,00","38,45","38,00","101,97K","-0,80%"
"01.05.2013","38,69","38,89","39,13","38,65","69,01K","-0,28%"
"30.04.2013","38,80","38,99","39,13","38,70","207,23K","0,81%"
"29.04.2013","38,49","38,21","38,59","37,57","519,45K","3,27%"
"26.04.2013","37,27","37,14","37,30","37,00","709,26K","-1,04%"
"25.04.2013","37,66","36,84","37,89","36,80","240,12K","0,99%"
"24.04.2013","37,29","36,94","37,45","36,35","95,84K","4,25%"
"23.04.2013","35,77","36,12","36,12","35,24","161,10K","-0,50%"
"22.04.2013","35,95","35,57","35,98","35,25","107,75K","1,52%"
"19.04.2013","35,41","35,15","35,75","34,63","91,77K","2,82%"
"18.04.2013","34,44","34,81","34,81","34,30","105,49K","-2,30%"
"17.04.2013","35,25","35,50","35,60","35,00","138,73K","-4,24%"
"16.04.2013","36,81","36,66","36,85","36,51","61,12K","2,56%"
"15.04.2013","35,89","36,18","36,33","35,84","183,68K","-2,92%"
"12.04.2013","36,97","36,68","36,97","36,55","127,15K","-2,86%"
"11.04.2013","38,06","38,03","38,28","37,82","63,51K","0,69%"
"10.04.2013","37,80","37,94","38,00","37,64","114,60K","-0,16%"
"09.04.2013","37,86","37,51","38,04","37,28","98,93K","-1,46%"
"08.04.2013","38,42","38,25","38,48","38,17","115,56K","1,13%"
"05.04.2013","37,99","37,71","38,02","37,53","63,19K","-0,81%"
"04.04.2013","38,30","38,06","38,30","37,82","47,63K","0,26%"
"03.04.2013","38,20","38,27","38,53","38,05","109,37K","0,34%"
"02.04.2013","38,07","38,12","38,25","37,89","158,63K","0,82%"
"01.04.2013","37,76","37,58","37,96","37,58","71,43K","-0,08%"
"28.03.2013","37,79","37,82","38,15","37,69","46,87K","-0,32%"
"27.03.2013","37,91","37,48","38,00","37,28","87,88K","-0,99%"
"26.03.2013","38,29","38,31","38,43","38,11","48,24K","0,45%"
"25.03.2013","38,12","38,96","38,96","37,87","118,51K","-2,01%"
"22.03.2013","38,90","38,82","39,09","38,55","287,53K","1,89%"
"21.03.2013","38,18","37,67","38,35","37,56","100,76K","-0,91%"
"20.03.2013","38,53","39,03","39,13","38,53","153,18K","-1,13%"
"19.03.2013","38,97","39,50","39,53","38,75","120,19K","-0,92%"
"18.03.2013","39,33","38,99","40,01","38,90","122,15K","-1,30%"
"15.03.2013","39,85","39,96","40,00","39,31","115,26K","-2,04%"
"14.03.2013","40,68","40,30","40,73","40,27","86,94K","-1,69%"
"13.03.2013","41,38","41,00","41,48","40,76","52,59K","0,49%"
"12.03.2013","41,18","41,41","41,54","41,00","98,49K","-1,25%"
"11.03.2013","41,70","41,22","41,75","41,22","62,79K","-0,31%"
"08.03.2013","41,83","42,16","42,16","41,43","69,92K","-1,04%"
"07.03.2013","42,27","42,05","42,37","42,00","61,98K","2,27%"
"06.03.2013","41,33","41,44","41,55","41,15","40,98K","1,22%"
"05.03.2013","40,83","40,95","41,10","40,75","192,28K","2,28%"
"04.03.2013","39,92","39,77","40,08","39,70","41,29K","-1,02%"
"01.03.2013","40,33","39,88","40,33","39,69","109,54K","-2,35%"
"28.02.2013","41,30","41,28","41,55","41,17","49,81K","-0,02%"
"27.02.2013","41,31","40,52","41,57","40,42","52,79K","2,51%"
"26.02.2013","40,30","40,59","40,65","39,89","59,55K","1,36%"
"25.02.2013","39,76","41,77","41,78","39,70","146,20K","-5,02%"
"22.02.2013","41,86","42,01","42,45","41,22","193,08K","-5,04%"
"21.02.2013","44,08","44,31","44,31","43,94","64,36K","-3,06%"
"20.02.2013","45,47","45,83","45,97","45,07","61,43K","-0,61%"
"19.02.2013","45,75","45,48","45,84","45,39","81,29K","2,14%"
"15.02.2013","44,79","44,89","45,02","44,55","37,80K","-0,53%"
"14.02.2013","45,03","44,91","45,03","44,75","412,72K","-1,92%"
"13.02.2013","45,91","46,19","46,34","45,78","51,02K","0,61%"
"12.02.2013","45,63","45,01","45,68","44,95","111,51K","0,95%"
"11.02.2013","45,20","45,28","45,28","44,74","89,32K","0,11%"
"08.02.2013","45,15","45,31","45,47","45,10","17,65K","1,37%"
"07.02.2013","44,54","45,07","45,21","44,23","99,78K","-1,02%"
"06.02.2013","45,00","44,36","45,00","44,34","54,93K","-0,53%"
"05.02.2013","45,24","44,95","45,33","44,80","64,04K","-0,88%"
"04.02.2013","45,64","46,42","46,43","45,52","90,88K","-4,36%"
"01.02.2013","47,72","47,23","47,77","46,95","92,40K","2,96%"
"31.01.2013","46,35","46,43","46,61","46,24","51,35K","-0,60%"
"30.01.2013","46,63","46,74","47,00","46,59","35,79K","0,06%"
"29.01.2013","46,60","46,62","46,81","46,50","24,10K","-0,77%"
"28.01.2013","46,96","47,09","47,09","46,72","57,52K","0,51%"
"25.01.2013","46,72","45,70","46,78","45,70","59,23K","2,37%"
"24.01.2013","45,64","45,51","45,74","45,38","58,24K","0,18%"
"23.01.2013","45,56","45,34","45,67","45,28","55,30K","0,82%"
"22.01.2013","45,19","44,85","45,25","44,68","109,81K","1,39%"
"18.01.2013","44,57","44,50","44,62","44,20","45,78K","0,72%"
"17.01.2013","44,25","44,33","44,37","44,10","78,04K","-0,11%"
"16.01.2013","44,30","43,85","44,38","43,76","79,73K","0,11%"
"15.01.2013","44,25","43,62","44,30","43,50","171,27K","0,02%"
"14.01.2013","44,24","44,32","44,32","43,99","72,85K","0,32%"
"11.01.2013","44,10","43,70","44,17","43,56","48,38K","3,21%"
"10.01.2013","42,73","42,60","42,84","42,38","132,99K","1,62%"
"09.01.2013","42,05","41,65","42,07","41,54","191,71K","-0,73%"
"08.01.2013","42,36","42,72","42,72","42,26","53,46K","-1,28%"
"07.01.2013","42,91","43,19","43,20","42,80","119,62K","-2,28%"
"04.01.2013","43,91","43,40","43,96","43,30","36,44K","0,25%"
"03.01.2013","43,80","43,75","44,15","43,75","48,22K","-1,93%"
"02.01.2013","44,66","44,66","44,80","44,34","71,61K","2,74%"
"31.12.2012","43,47","43,14","43,50","43,00","52,14K","1,09%"
"28.12.2012","43,00","43,01","43,26","42,72","32,71K","0,14%"
"27.12.2012","42,94","43,13","43,30","42,64","41,40K","0,02%"
"26.12.2012","42,93","43,22","43,32","42,39","38,99K","0,35%"
"24.12.2012","42,78","42,97","43,02","42,51","30,86K","0,40%"
"21.12.2012","42,61","42,39","42,98","42,39","53,28K","-0,09%"
"20.12.2012","42,65","42,53","42,75","42,30","30,54K","0,66%"
"19.12.2012","42,37","42,68","42,68","42,27","40,95K","-0,19%"
"18.12.2012","42,45","42,31","42,45","42,07","55,80K","0,59%"
"17.12.2012","42,20","42,13","42,42","42,00","106,24K","0,48%"
"14.12.2012","42,00","41,85","42,22","41,84","85,09K","0,14%"
"13.12.2012","41,94","41,83","42,08","41,81","85,40K","0,50%"
"12.12.2012","41,73","41,65","42,10","41,51","38,48K","0,48%"
"11.12.2012","41,53","41,34","41,62","41,31","57,36K","1,96%"
"10.12.2012","40,73","40,48","40,80","40,42","22,26K","0,00%"
"07.12.2012","40,73","40,29","40,77","40,29","37,40K","-0,12%"
"06.12.2012","40,78","40,71","40,83","40,46","25,51K","1,49%"
"05.12.2012","40,18","40,16","40,28","39,91","114,72K","-1,42%"
"04.12.2012","40,76","40,56","40,80","40,47","80,44K","0,37%"
"03.12.2012","40,61","40,84","40,92","40,45","48,72K","-0,88%"
"30.11.2012","40,97","40,62","41,00","40,52","59,11K","1,66%"
"29.11.2012","40,30","40,50","40,62","40,12","82,94K","1,33%"
"28.11.2012","39,77","39,35","39,80","39,10","22,98K","0,43%"
"27.11.2012","39,60","39,20","39,70","39,20","33,80K","1,15%"
"26.11.2012","39,15","39,11","39,32","39,00","74,00K","-0,33%"
"23.11.2012","39,28","39,04","39,28","38,91","14,39K","1,03%"
"21.11.2012","38,88","38,44","38,92","38,24","44,93K","1,73%"
"20.11.2012","38,22","37,96","38,23","37,82","31,14K","1,38%"
"19.11.2012","37,70","37,16","37,81","37,16","32,88K","5,01%"
"16.11.2012","35,90","35,98","36,14","35,55","110,08K","-0,33%"
"15.11.2012","36,02","36,16","36,40","35,70","76,59K","0,06%"
"14.11.2012","36,00","36,57","36,57","35,95","58,12K","-1,10%"
"13.11.2012","36,40","36,20","36,85","36,18","33,74K","-0,87%"
"12.11.2012","36,72","36,96","36,96","36,64","27,93K","0,36%"
"09.11.2012","36,59","36,33","36,88","36,33","106,02K","-0,65%"
"08.11.2012","36,83","37,21","37,43","36,60","48,01K","-2,28%"
"07.11.2012","37,69","37,66","37,87","37,32","31,37K","-1,08%"
"06.11.2012","38,10","37,89","38,10","37,71","57,71K","-0,37%"
"05.11.2012","38,24","38,98","39,01","37,85","119,60K","-2,35%"
"02.11.2012","39,16","39,90","39,90","39,16","60,71K","-1,76%"
"01.11.2012","39,86","39,78","39,86","39,20","34,55K","1,94%"
"31.10.2012","39,10","39,52","39,76","38,67","76,82K","4,27%"
"26.10.2012","37,50","37,46","37,59","37,25","17,25K","0,00%"
"25.10.2012","37,50","37,26","37,59","37,24","67,99K","2,99%"
"24.10.2012","36,41","36,22","36,64","36,22","91,36K","2,28%"
"23.10.2012","35,60","35,34","35,75","35,05","89,17K","-1,41%"
"22.10.2012","36,11","36,11","36,21","35,67","38,38K","0,06%"
"19.10.2012","36,09","36,24","36,37","35,85","48,58K","0,28%"
"18.10.2012","35,99","35,76","36,00","35,60","74,85K","1,58%"
"17.10.2012","35,43","35,03","35,65","35,02","21,94K","1,34%"
"16.10.2012","34,96","34,50","34,97","34,50","24,78K","0,95%"
"15.10.2012","34,63","34,54","34,63","34,06","23,27K","0,09%"
"12.10.2012","34,60","34,57","34,75","34,34","18,66K","-0,55%"
"11.10.2012","34,79","35,02","35,13","34,68","29,34K","1,43%"
"10.10.2012","34,30","34,65","34,65","34,23","12,60K","0,23%"
"09.10.2012","34,22","34,60","34,69","34,22","23,52K","-0,81%"
"08.10.2012","34,50","34,67","34,71","34,30","16,47K","-1,34%"
"05.10.2012","34,97","35,11","35,38","34,90","18,46K","0,20%"
"04.10.2012","34,90","34,50","34,91","34,43","18,05K","3,10%"
"03.10.2012","33,85","33,82","34,07","33,53","18,74K","-0,73%"
"02.10.2012","34,10","34,12","34,27","33,97","15,23K","1,79%"
"01.10.2012","33,50","33,54","33,94","33,44","45,94K","0,00%"
"28.09.2012","33,50","33,82","33,93","33,45","36,33K","-1,33%"
"27.09.2012","33,95","33,31","34,06","33,18","76,51K","0,74%"
"26.09.2012","33,70","34,00","34,10","33,52","33,66K","-3,55%"
"25.09.2012","34,94","34,77","35,50","34,70","97,42K","-1,85%"
"24.09.2012","35,60","35,27","35,73","35,26","53,23K","0,20%"
"21.09.2012","35,53","35,34","35,74","35,33","125,96K","1,63%"
"20.09.2012","34,96","34,38","35,09","34,30","135,10K","-0,37%"
"19.09.2012","35,09","35,06","35,32","34,93","57,80K","0,83%"
"18.09.2012","34,80","34,77","35,12","34,75","24,55K","-2,90%"
"17.09.2012","35,84","36,19","36,31","35,69","30,54K","-0,47%"
"14.09.2012","36,01","36,00","36,47","35,98","81,79K","3,84%"
"13.09.2012","34,68","34,27","34,95","34,00","47,88K","1,55%"
"12.09.2012","34,15","33,96","34,25","33,88","489,21K","1,58%"
"11.09.2012","33,62","33,16","33,86","33,12","36,60K","2,66%"
"10.09.2012","32,75","33,07","33,22","32,75","19,68K","-0,91%"
"07.09.2012","33,05","33,09","33,19","32,87","27,52K","1,07%"
"06.09.2012","32,70","31,86","32,76","31,79","22,34K","4,31%"
"05.09.2012","31,35","31,17","31,49","31,15","35,76K","0,32%"
"04.09.2012","31,25","31,20","31,27","30,90","43,87K","-4,05%"
"31.08.2012","32,57","32,77","32,93","32,40","14,22K","0,80%"
"30.08.2012","32,31","32,35","32,47","32,00","24,40K","-3,70%"
"29.08.2012","33,55","33,35","33,55","33,22","24,77K","0,66%"
"28.08.2012","33,33","33,19","33,51","33,19","22,61K","1,31%"
"27.08.2012","32,90","32,90","33,10","32,90","12,04K","0,67%"
"24.08.2012","32,68","32,29","33,01","32,21","90,15K","-2,10%"
"23.08.2012","33,38","33,40","33,66","33,23","26,79K","-0,95%"
"22.08.2012","33,70","33,31","33,87","33,18","54,85K","0,87%"
"21.08.2012","33,41","33,44","33,70","33,33","18,87K","0,48%"
"20.08.2012","33,25","33,14","33,26","32,91","38,87K","0,00%"
"17.08.2012","33,25","33,03","33,29","32,95","19,19K","1,22%"
"16.08.2012","32,85","32,83","33,13","32,73","14,32K","0,27%"
"15.08.2012","32,76","32,69","32,95","32,69","11,22K","-0,88%"
"14.08.2012","33,05","33,15","33,29","32,96","27,78K","0,43%"
"13.08.2012","32,91","33,02","33,23","32,72","17,14K","-1,26%"
"10.08.2012","33,33","32,86","33,33","32,68","87,91K","0,73%"
"09.08.2012","33,09","32,96","33,31","32,90","11,21K","0,73%"
"08.08.2012","32,85","32,90","33,04","32,70","20,77K","-1,65%"
"07.08.2012","33,40","33,42","33,60","33,35","54,89K","1,86%"
"06.08.2012","32,79","32,98","33,05","32,74","25,01K","0,89%"
"03.08.2012","32,50","32,03","32,66","31,96","38,72K","4,57%"
"02.08.2012","31,08","31,11","31,58","30,55","26,28K","-1,49%"
"01.08.2012","31,55","31,74","31,99","31,50","21,97K","-0,94%"
"31.07.2012","31,85","31,91","32,12","31,72","22,32K","1,37%"
"30.07.2012","31,42","31,27","31,61","31,24","10,79K","0,13%"
"27.07.2012","31,38","30,10","31,50","30,10","50,49K","3,36%"
"26.07.2012","30,36","30,27","30,59","30,15","39,15K","-4,38%"
"25.07.2012","31,75","31,49","31,75","31,12","32,41K","4,00%"
"24.07.2012","30,53","31,05","31,05","30,19","18,55K","-2,24%"
"23.07.2012","31,23","30,94","31,33","30,89","23,01K","-2,59%"
"20.07.2012","32,06","32,15","32,15","31,57","22,11K","-1,75%"
"19.07.2012","32,63","32,21","32,65","32,20","28,76K","1,02%"
"18.07.2012","32,30","31,94","32,44","31,82","23,47K","0,25%"
"17.07.2012","32,22","32,42","32,42","31,73","16,45K","0,31%"
"16.07.2012","32,12","32,01","32,29","31,85","33,81K","-1,38%"
"13.07.2012","32,57","31,68","32,59","31,68","44,97K","3,92%"
"12.07.2012","31,34","30,98","31,39","30,75","39,83K","1,39%"
"11.07.2012","30,91","30,72","31,01","30,53","18,53K","-0,29%"
"10.07.2012","31,00","31,29","31,42","30,89","12,05K","0,62%"
"09.07.2012","30,81","30,70","30,93","30,54","40,90K","-0,26%"
"06.07.2012","30,89","31,06","31,06","30,67","35,95K","-2,65%"
"05.07.2012","31,73","31,40","31,80","31,35","38,05K","6,23%"
"03.07.2012","29,87","29,61","29,90","29,61","33,33K","0,07%"
"02.07.2012","29,85","29,63","29,85","29,55","28,60K","-0,73%"
"29.06.2012","30,07","29,77","30,18","29,77","39,95K","6,14%"
"28.06.2012","28,33","27,95","28,39","27,90","23,32K","0,25%"
"27.06.2012","28,26","27,84","28,31","27,81","24,48K","-0,04%"
"26.06.2012","28,27","27,99","28,35","27,82","36,06K","0,00%"
"25.06.2012","28,27","28,57","28,57","28,10","45,69K","-2,92%"
"22.06.2012","29,12","29,33","29,38","28,71","36,84K","0,28%"
"21.06.2012","29,04","30,00","30,14","29,03","29,20K","-3,75%"
"20.06.2012","30,17","30,29","30,55","29,95","18,21K","0,30%"
"19.06.2012","30,08","30,04","30,30","29,50","18,64K","2,56%"
"18.06.2012","29,33","29,55","29,62","29,29","29,93K","-1,05%"
"15.06.2012","29,64","29,36","29,70","29,23","22,06K","2,38%"
"14.06.2012","28,95","28,68","29,16","28,67","20,84K","-0,31%"
"13.06.2012","29,04","28,86","29,40","28,81","19,16K","-2,55%"
"12.06.2012","29,80","29,47","29,80","29,19","41,46K","1,40%"
"11.06.2012","29,39","30,22","30,25","29,38","25,30K","-0,27%"
"08.06.2012","29,47","28,89","29,58","28,86","14,71K","-0,87%"
"07.06.2012","29,73","30,47","30,53","29,73","26,05K","0,47%"
"06.06.2012","29,59","28,75","29,65","28,69","19,82K","3,24%"
"05.06.2012","28,66","28,20","28,71","28,07","33,60K","0,46%"
"04.06.2012","28,53","28,72","28,76","28,31","52,63K","-1,65%"
"01.06.2012","29,01","29,06","29,27","28,85","77,17K","-3,72%"
"31.05.2012","30,13","30,19","30,30","29,69","37,64K","-0,10%"
"30.05.2012","30,16","30,71","30,76","30,05","33,45K","-3,95%"
"29.05.2012","31,40","31,47","31,71","31,20","38,88K","4,04%"
"25.05.2012","30,18","29,99","30,48","29,99","28,78K","0,23%"
"24.05.2012","30,11","30,22","30,46","29,90","58,38K","-1,76%"
"23.05.2012","30,65","30,85","30,86","29,97","72,90K","-1,86%"
"22.05.2012","31,23","31,39","31,73","31,04","59,03K","2,26%"
"21.05.2012","30,54","30,49","30,66","30,37","85,11K","1,87%"
"18.05.2012","29,98","30,14","30,31","29,87","54,98K","-1,61%"
"17.05.2012","30,47","30,96","31,05","30,47","45,84K","-1,65%"
"16.05.2012","30,98","30,99","31,34","30,90","27,36K","-1,46%"
"15.05.2012","31,44","31,48","31,84","31,40","32,13K","-1,04%"
"14.05.2012","31,77","31,86","32,03","31,63","14,65K","-2,13%"
"11.05.2012","32,46","32,10","32,89","31,97","27,54K","1,00%"
"10.05.2012","32,14","32,31","32,42","32,06","63,17K","-1,41%"
"09.05.2012","32,60","32,27","32,79","32,01","49,97K","-1,81%"
"08.05.2012","33,20","32,98","33,36","32,46","18,89K","-1,57%"
"07.05.2012","33,73","33,50","33,73","33,26","73,90K","-0,30%"
"04.05.2012","33,83","33,93","34,04","33,55","138,80K","-2,76%"
"03.05.2012","34,79","35,01","35,06","34,64","67,19K","1,28%"
"02.05.2012","34,35","34,14","34,37","34,06","44,89K","-0,81%"
"01.05.2012","34,63","34,27","34,80","34,27","53,74K","1,05%"
"30.04.2012","34,27","34,25","34,40","34,17","84,81K","1,39%"
"27.04.2012","33,80","33,91","34,15","33,65","86,76K","2,05%"
"26.04.2012","33,12","32,43","33,20","32,43","111,33K","8,20%"
"25.04.2012","30,61","30,29","30,61","30,29","22,61K","3,38%"
"24.04.2012","29,61","29,30","29,72","29,30","15,60K","2,39%"
"23.04.2012","28,92","28,83","28,97","28,54","31,69K","-3,05%"
"20.04.2012","29,83","29,84","30,03","29,80","26,13K","0,44%"
"19.04.2012","29,70","30,20","30,20","29,28","31,47K","-2,40%"
"18.04.2012","30,43","30,90","30,90","30,14","22,06K","-1,17%"
"17.04.2012","30,79","31,03","31,03","30,27","26,85K","-0,39%"
"16.04.2012","30,91","31,15","31,20","30,53","26,86K","0,78%"
"13.04.2012","30,67","31,30","31,30","30,46","28,99K","-2,48%"
"12.04.2012","31,45","31,07","31,53","30,99","18,23K","2,28%"
"11.04.2012","30,75","30,85","31,15","30,56","16,95K","3,43%"
"10.04.2012","29,73","30,27","30,33","29,58","87,17K","-2,81%"
"09.04.2012","30,59","30,48","30,70","30,15","23,64K","-0,36%"
"05.04.2012","30,70","30,57","30,99","30,43","24,36K","-0,68%"
"04.04.2012","30,91","31,03","31,12","30,60","42,48K","-3,13%"
"03.04.2012","31,91","32,40","32,54","31,81","26,21K","-2,62%"
"02.04.2012","32,77","32,19","33,00","32,06","62,22K","1,42%"
"30.03.2012","32,31","32,16","32,34","31,72","27,14K","2,64%"
"29.03.2012","31,48","31,37","31,53","31,19","71,47K","-3,38%"
"28.03.2012","32,58","33,00","33,10","32,44","33,01K","-0,37%"
"27.03.2012","32,70","33,15","33,15","32,70","53,90K","0,03%"
"26.03.2012","32,69","32,83","32,92","32,55","190,64K","-0,03%"
"23.03.2012","32,70","32,40","32,82","32,10","22,10K","1,77%"
"22.03.2012","32,13","31,93","32,22","31,84","48,28K","-1,14%"
"21.03.2012","32,50","32,15","32,57","32,00","36,32K","0,59%"
"20.03.2012","32,31","32,27","32,53","32,10","48,07K","-5,36%"
"19.03.2012","34,14","33,55","34,19","33,45","21,60K","0,12%"
"16.03.2012","34,10","34,23","34,25","34,03","30,07K","-0,32%"
"15.03.2012","34,21","34,18","34,30","33,94","136,41K","0,62%"
"14.03.2012","34,00","34,28","34,37","34,00","102,24K","1,43%"
"13.03.2012","33,52","33,12","33,52","33,00","39,28K","-0,39%"
"12.03.2012","33,65","33,56","33,70","33,25","31,07K","-0,27%"
"09.03.2012","33,74","33,75","34,08","33,68","65,27K","-1,06%"
"08.03.2012","34,10","33,57","34,15","33,37","19,96K","4,15%"
"07.03.2012","32,74","32,50","32,86","32,39","22,31K","0,43%"
"06.03.2012","32,60","33,28","33,38","32,51","32,21K","-5,40%"
"05.03.2012","34,46","34,63","34,72","34,24","16,83K","0,09%"
"02.03.2012","34,43","34,49","34,64","34,40","29,99K","-0,32%"
"01.03.2012","34,54","34,10","34,72","34,10","29,19K","1,95%"
"29.02.2012","33,88","34,38","34,50","33,75","35,08K","-0,47%"
"28.02.2012","34,04","33,76","34,08","33,65","39,10K","1,40%"
"27.02.2012","33,57","33,67","33,77","33,32","131,20K","-1,21%"
"24.02.2012","33,98","33,62","34,29","33,45","31,67K","1,49%"
"23.02.2012","33,48","33,30","33,63","32,97","38,03K","-1,88%"
"22.02.2012","34,12","34,10","34,32","33,88","32,07K","-0,03%"
"21.02.2012","34,13","34,37","34,48","34,06","24,91K","0,09%"
"17.02.2012","34,10","34,25","34,31","33,82","22,99K","1,67%"
"16.02.2012","33,54","32,65","33,57","32,40","62,30K","1,64%"
"15.02.2012","33,00","33,60","33,60","33,00","91,04K","-1,79%"
"14.02.2012","33,60","33,72","33,87","33,25","45,05K","-2,13%"
"13.02.2012","34,33","34,62","34,74","34,09","34,16K","2,29%"
"10.02.2012","33,56","33,48","33,70","33,32","42,73K","-2,61%"
"09.02.2012","34,46","34,61","34,74","34,11","46,94K","1,47%"
"08.02.2012","33,96","33,78","34,01","33,53","76,18K","0,98%"
"07.02.2012","33,63","33,28","33,70","32,96","28,01K","-0,65%"
"06.02.2012","33,85","33,47","33,85","33,32","75,98K","0,15%"
"03.02.2012","33,80","33,09","33,80","33,09","58,54K","2,55%"
"02.02.2012","32,96","32,89","33,08","32,78","42,21K","-1,64%"
"01.02.2012","33,51","33,23","33,65","33,05","53,57K","3,04%"
"31.01.2012","32,52","32,91","32,97","32,08","36,63K","0,09%"
"30.01.2012","32,49","32,33","32,68","32,23","28,43K","-0,95%"
"27.01.2012","32,80","32,48","32,90","32,28","76,20K","0,55%"
"26.01.2012","32,62","33,14","33,27","32,48","41,81K","0,46%"
"25.01.2012","32,47","31,76","32,50","31,57","59,08K","2,49%"
"24.01.2012","31,68","31,09","31,69","30,95","34,83K","-0,69%"
"23.01.2012","31,90","31,84","32,03","31,61","42,56K","0,16%"
"20.01.2012","31,85","31,66","31,89","31,62","45,39K","0,89%"
"19.01.2012","31,57","31,49","31,68","31,05","66,93K","3,00%"
"18.01.2012","30,65","30,18","30,78","30,18","63,85K","1,93%"
"17.01.2012","30,07","30,03","30,24","29,90","50,93K","4,23%"
"13.01.2012","28,85","29,42","29,42","28,39","46,35K","-2,40%"
"12.01.2012","29,56","29,51","29,67","29,29","193,84K","1,69%"
"11.01.2012","29,07","28,87","29,12","28,72","43,75K","1,57%"
"10.01.2012","28,62","28,98","29,13","28,53","44,97K","1,20%"
"09.01.2012","28,28","28,48","28,57","27,95","67,39K","0,82%"
"06.01.2012","28,05","28,70","28,70","27,91","22,05K","-2,33%"
"05.01.2012","28,72","28,34","28,82","28,23","57,98K","1,48%"
"04.01.2012","28,30","28,32","28,59","28,00","184,57K","-0,77%"
"03.01.2012","28,52","28,37","28,65","28,34","47,24K","6,86%"
"30.12.2011","26,69","26,65","26,99","26,65","27,17K","-0,04%"
"29.12.2011","26,70","26,54","26,71","26,29","43,70K","0,07%"
"28.12.2011","26,68","27,21","27,23","26,51","30,26K","-3,26%"
"27.12.2011","27,58","27,61","27,89","27,58","34,24K","0,07%"
"23.12.2011","27,56","27,45","27,69","27,38","51,68K","0,47%"
"22.12.2011","27,43","27,50","27,59","27,27","124,48K","-0,29%"
"21.12.2011","27,51","27,91","27,91","27,31","19,42K","-0,72%"
"20.12.2011","27,71","27,66","27,91","27,57","30,57K","4,33%"
"19.12.2011","26,56","27,56","27,56","26,54","133,18K","-0,75%"
"16.12.2011","26,76","26,96","27,00","26,61","46,84K","0,22%"
"15.12.2011","26,70","27,32","27,32","26,63","37,07K","0,26%"
"14.12.2011","26,63","27,14","27,28","26,50","111,39K","-3,62%"
"13.12.2011","27,63","28,31","28,66","27,63","65,66K","-1,32%"
"12.12.2011","28,00","28,65","28,65","28,00","156,93K","-5,60%"
"09.12.2011","29,66","29,33","29,90","29,33","45,28K","2,03%"
"08.12.2011","29,07","29,48","29,61","29,04","82,81K","-4,69%"
"07.12.2011","30,50","30,02","30,62","29,82","166,48K","0,39%"
"06.12.2011","30,38","30,39","30,59","30,16","52,32K","0,10%"
"05.12.2011","30,35","30,98","31,07","30,04","56,67K","0,00%"
"02.12.2011","30,35","31,18","31,18","30,20","53,71K","1,61%"
"01.12.2011","29,87","30,24","30,65","29,82","12,88K","-1,26%"
"30.11.2011","30,25","30,18","30,30","29,95","74,35K","7,04%"
"29.11.2011","28,26","28,51","28,72","28,18","32,20K","-2,38%"
"28.11.2011","28,95","29,02","29,30","28,80","28,01K","8,88%"
"25.11.2011","26,59","26,58","26,98","26,50","37,94K","-1,52%"
"23.11.2011","27,00","27,63","27,63","26,94","49,95K","-6,09%"
"22.11.2011","28,75","28,72","29,10","28,45","155,75K","-1,00%"
"21.11.2011","29,04","28,95","29,04","28,48","317,91K","-2,39%"
"18.11.2011","29,75","30,29","30,29","29,61","173,83K","-0,60%"
"17.11.2011","29,93","30,75","30,86","29,65","127,65K","-3,14%"
"16.11.2011","30,90","30,82","31,53","30,71","26,41K","-1,90%"
"15.11.2011","31,50","31,59","32,14","31,20","15,71K","-0,97%"
"14.11.2011","31,81","31,77","32,09","31,42","38,06K","-1,15%"
"11.11.2011","32,18","31,81","32,33","31,72","18,22K","3,51%"
"10.11.2011","31,09","31,48","31,63","30,80","24,56K","1,77%"
"09.11.2011","30,55","31,20","31,37","30,40","41,37K","-6,86%"
"08.11.2011","32,80","32,80","32,80","32,19","76,36K","1,39%"
"07.11.2011","32,35","32,54","32,70","31,83","25,14K","0,97%"
"04.11.2011","32,04","32,07","32,27","31,57","27,66K","-2,29%"
"03.11.2011","32,79","32,40","32,92","31,67","99,98K","4,53%"
"02.11.2011","31,37","31,72","31,77","31,24","18,71K","5,30%"
"01.11.2011","29,79","29,08","30,27","28,95","22,47K","-4,98%"
"31.10.2011","31,35","32,17","32,28","31,30","36,27K","-4,42%"
"28.10.2011","32,80","32,71","33,12","32,54","38,97K","0,46%"
"27.10.2011","32,65","32,18","32,90","32,02","307,02K","10,30%"
"26.10.2011","29,60","29,93","30,06","28,90","34,10K","2,07%"
"25.10.2011","29,00","29,95","30,00","29,00","30,09K","-2,36%"
"24.10.2011","29,70","29,12","29,99","28,99","82,20K","3,74%"
"21.10.2011","28,63","28,30","28,63","28,25","17,60K","3,62%"
"20.10.2011","27,63","27,69","27,80","27,24","52,83K","-0,86%"
"19.10.2011","27,87","28,41","28,48","27,68","39,61K","-1,62%"
"18.10.2011","28,33","27,80","28,76","27,51","36,48K","2,46%"
"17.10.2011","27,65","28,45","28,45","27,40","37,61K","-3,62%"
"14.10.2011","28,69","28,73","28,90","28,32","20,43K","2,91%"
"13.10.2011","27,88","27,70","28,18","27,51","19,11K","0,11%"
"12.10.2011","27,85","27,75","28,22","27,67","28,74K","3,92%"
"11.10.2011","26,80","26,64","26,95","26,54","70,94K","0,94%"
"10.10.2011","26,55","26,16","26,90","26,16","20,92K","5,36%"
"07.10.2011","25,20","25,43","25,65","25,18","30,36K","1,61%"
"06.10.2011","24,80","24,08","25,00","23,98","30,04K","4,42%"
"05.10.2011","23,75","23,30","23,89","23,16","39,09K","3,44%"
"04.10.2011","22,96","22,16","22,96","21,88","85,95K","-1,16%"
"03.10.2011","23,23","23,66","24,03","23,15","58,87K","-6,29%"
"30.09.2011","24,79","24,80","25,18","24,50","81,38K","-6,10%"
"29.09.2011","26,40","26,54","26,64","25,90","92,26K","3,65%"
"28.09.2011","25,47","26,40","26,56","25,47","37,14K","-2,19%"
"27.09.2011","26,04","25,96","26,65","25,86","57,30K","4,66%"
"26.09.2011","24,88","24,73","25,23","24,15","46,51K","-0,52%"
"23.09.2011","25,01","24,50","25,24","24,29","31,26K","0,89%"
"22.09.2011","24,79","25,25","25,41","24,50","361,62K","-8,35%"
"21.09.2011","27,05","27,75","27,94","26,99","20,37K","-4,28%"
"20.09.2011","28,26","28,12","28,76","27,75","139,51K","2,39%"
"19.09.2011","27,60","27,43","27,86","27,15","18,87K","-3,70%"
"16.09.2011","28,66","28,62","28,99","28,19","21,14K","0,35%"
"15.09.2011","28,56","28,39","28,72","28,13","65,60K","3,67%"
"14.09.2011","27,55","26,84","27,69","26,30","29,57K","5,35%"
"13.09.2011","26,15","25,77","26,22","25,69","36,54K","0,19%"
"12.09.2011","26,10","25,60","26,10","25,25","192,73K","-0,91%"
"09.09.2011","26,34","26,57","26,59","26,00","195,21K","-4,94%"
"08.09.2011","27,71","27,90","28,24","27,36","341,60K","-3,65%"
"07.09.2011","28,76","28,36","28,81","28,13","35,04K","5,35%"
"06.09.2011","27,30","26,96","27,30","26,56","32,01K","-5,54%"
"02.09.2011","28,90","29,21","29,30","28,75","136,72K","-4,49%"
"01.09.2011","30,26","30,22","30,55","29,90","140,71K","0,53%"
"31.08.2011","30,10","30,42","30,87","29,88","144,48K","1,42%"
"30.08.2011","29,68","29,82","29,97","29,35","464,92K","0,41%"
"29.08.2011","29,56","29,22","29,76","29,22","227,35K","2,43%"
"26.08.2011","28,86","28,45","29,10","28,38","200,73K","2,60%"
"25.08.2011","28,13","29,00","29,08","27,89","338,94K","-1,47%"
"24.08.2011","28,55","28,53","29,13","28,19","305,71K","3,40%"
"23.08.2011","27,61","27,09","27,65","26,71","607,94K","4,39%"
"22.08.2011","26,45","27,74","27,85","26,40","156,12K","-3,47%"
"19.08.2011","27,40","27,62","28,27","27,10","143,92K","-4,20%"
"18.08.2011","28,60","29,55","29,64","28,25","312,00K","-5,86%"
"17.08.2011","30,38","31,14","31,52","30,21","186,63K","-1,04%"
"16.08.2011","30,70","30,98","31,40","30,35","212,30K","-2,48%"
"15.08.2011","31,48","31,81","32,17","31,48","182,05K","-0,82%"
"12.08.2011","31,74","31,48","32,01","31,38","33,08K","2,22%"
"11.08.2011","31,05","29,44","31,31","29,22","36,80K","6,70%"
"10.08.2011","29,10","30,55","30,60","28,98","45,68K","-4,72%"
"09.08.2011","30,54","30,15","31,35","28,91","70,50K","6,41%"
"08.08.2011","28,70","28,55","29,36","28,00","88,31K","-10,09%"
"05.08.2011","31,92","32,09","32,22","30,39","86,24K","3,00%"
"04.08.2011","30,99","31,98","32,15","30,41","79,93K","-7,63%"
"03.08.2011","33,55","33,96","34,05","32,72","401,33K","-2,75%"
"02.08.2011","34,50","35,00","35,54","34,43","65,66K","-5,17%"
"01.08.2011","36,38","37,35","37,58","36,00","70,35K","-0,82%"
"29.07.2011","36,68","36,43","36,97","36,31","17,91K","-0,86%"
"28.07.2011","37,00","35,96","37,17","35,73","114,03K","-3,01%"
"27.07.2011","38,15","38,71","38,82","37,88","114,09K","-1,40%"
"26.07.2011","38,69","39,20","39,20","38,65","31,97K","-1,55%"
"25.07.2011","39,30","39,25","39,43","38,96","35,20K","0,36%"
"22.07.2011","39,16","39,10","39,31","38,72","31,70K","0,85%"
"21.07.2011","38,83","38,50","39,10","38,20","46,45K","0,15%"
"20.07.2011","38,77","38,57","38,90","38,10","33,85K","-0,03%"
"19.07.2011","38,78","38,86","38,95","38,57","40,41K","2,27%"
"18.07.2011","37,92","37,92","38,24","37,43","25,01K","-2,19%"
"15.07.2011","38,77","38,87","39,00","38,26","44,34K","3,39%"
"14.07.2011","37,50","38,32","38,55","37,50","36,19K","-0,53%"
"13.07.2011","37,70","37,52","38,05","37,37","82,80K","3,01%"
"12.07.2011","36,60","36,08","37,05","36,07","65,29K","0,16%"
"11.07.2011","36,54","36,41","36,59","36,07","42,00K","-4,45%"
"08.07.2011","38,24","38,60","38,83","37,82","96,15K","-1,72%"
"07.07.2011","38,91","38,62","38,97","38,42","62,76K","2,77%"
"06.07.2011","37,86","38,03","38,03","37,75","35,83K","0,69%"
"05.07.2011","37,60","38,04","38,36","37,55","65,69K","0,80%"
"01.07.2011","37,30","36,77","37,30","36,66","14,95K","1,28%"
"30.06.2011","36,83","36,36","36,95","36,36","36,75K","0,38%"
"29.06.2011","36,69","36,86","36,89","36,17","88,01K","0,52%"
"28.06.2011","36,50","36,00","36,50","35,95","158,76K","1,50%"
"27.06.2011","35,96","35,12","35,96","35,12","166,44K","3,13%"
"24.06.2011","34,87","35,34","35,37","34,69","27,07K","1,19%"
"23.06.2011","34,46","34,35","34,60","33,65","180,19K","-0,75%"
"22.06.2011","34,72","35,34","35,48","34,65","32,49K","-2,44%"
"21.06.2011","35,59","34,96","35,59","34,96","222,92K","2,77%"
"20.06.2011","34,63","33,96","34,86","33,96","44,49K","1,41%"
"17.06.2011","34,15","34,20","34,28","33,85","45,44K","3,30%"
"16.06.2011","33,06","32,93","33,35","32,67","75,75K","-0,30%"
"15.06.2011","33,16","33,76","33,85","32,96","21,83K","-2,76%"
"14.06.2011","34,10","34,14","34,40","34,06","56,45K","1,34%"
"13.06.2011","33,65","33,72","33,88","33,15","22,96K","-0,65%"
"10.06.2011","33,87","34,65","34,73","33,59","38,42K","-1,54%"
"09.06.2011","34,40","33,93","34,49","33,93","20,63K","3,86%"
"08.06.2011","33,12","32,90","33,40","32,74","300,49K","0,36%"
"07.06.2011","33,00","33,44","33,61","33,00","122,91K","-0,60%"
"06.06.2011","33,20","33,81","33,90","33,20","133,50K","-2,38%"
"03.06.2011","34,01","33,48","34,10","33,48","53,78K","0,27%"
"02.06.2011","33,92","33,65","34,07","33,58","16,24K","0,77%"
"01.06.2011","33,66","34,13","34,41","33,66","34,83K","0,36%"
"31.05.2011","33,54","33,55","33,65","33,31","20,04K","2,60%"
"27.05.2011","32,69","32,70","32,94","32,63","10,34K","1,71%"
"26.05.2011","32,14","32,16","32,21","31,84","26,05K","1,26%"
"25.05.2011","31,74","31,33","31,90","31,23","17,37K","1,15%"
"24.05.2011","31,38","31,42","31,70","31,19","41,95K","0,26%"
"23.05.2011","31,30","31,32","31,44","31,13","49,25K","-3,07%"
"20.05.2011","32,29","32,36","32,49","32,00","56,74K","-2,24%"
"19.05.2011","33,03","33,05","33,20","32,68","22,98K","0,89%"
"18.05.2011","32,74","32,81","32,93","32,65","87,79K","-0,43%"
"17.05.2011","32,88","32,73","32,98","32,59","63,86K","-1,20%"
"16.05.2011","33,28","32,90","33,62","32,77","60,60K","0,12%"
"13.05.2011","33,24","33,55","33,72","33,01","64,12K","-1,36%"
"12.05.2011","33,70","33,45","33,88","33,24","53,69K","0,12%"
"11.05.2011","33,66","34,07","34,07","33,44","20,27K","-2,26%"
"10.05.2011","34,44","34,10","34,44","34,08","31,28K","1,00%"
"09.05.2011","34,10","33,93","34,18","33,55","14,20K","-0,09%"
"06.05.2011","34,13","34,50","34,80","33,74","34,14K","0,38%"
"05.05.2011","34,00","34,11","34,31","33,82","38,90K","-1,88%"
"04.05.2011","34,65","34,69","34,86","34,42","21,76K","-2,78%"
"03.05.2011","35,64","34,94","36,00","34,75","31,07K","0,31%"
"02.05.2011","35,53","35,49","35,92","35,23","63,56K","1,17%"
"29.04.2011","35,12","35,35","35,53","34,78","49,35K","-0,85%"
"28.04.2011","35,42","35,18","35,47","35,10","45,16K","1,40%"
"27.04.2011","34,93","34,68","34,99","34,12","100,34K","6,43%"
"26.04.2011","32,82","32,45","32,95","32,27","35,82K","1,77%"
"25.04.2011","32,25","32,45","32,45","32,00","22,56K","0,16%"
"21.04.2011","32,20","32,15","32,27","32,02","31,43K","1,04%"
"20.04.2011","31,87","31,74","31,95","31,73","40,07K","6,23%"
"19.04.2011","30,00","30,40","30,40","29,82","54,45K","2,56%"
"18.04.2011","29,25","29,45","29,61","29,04","76,71K","-3,11%"
"15.04.2011","30,19","30,30","30,40","30,14","16,21K","-0,49%"
"14.04.2011","30,34","29,82","30,45","29,81","52,51K","2,02%"
"13.04.2011","29,74","30,37","30,53","29,74","61,63K","0,92%"
"12.04.2011","29,47","29,61","29,63","29,26","131,00K","-1,54%"
"11.04.2011","29,93","29,70","30,13","29,63","34,79K","-2,25%"
"08.04.2011","30,62","30,58","30,65","30,20","20,08K","0,39%"
"07.04.2011","30,50","30,67","30,80","30,27","93,82K","-3,54%"
"06.04.2011","31,62","31,72","31,81","31,59","17,84K","0,64%"
"05.04.2011","31,42","31,23","31,61","31,10","37,73K","0,29%"
"04.04.2011","31,33","31,60","31,70","31,25","27,80K","2,42%"
"01.04.2011","30,59","30,80","30,94","30,56","31,60K","-0,36%"
"31.03.2011","30,70","30,65","30,97","30,61","49,54K","-0,52%"
"30.03.2011","30,86","30,35","30,88","30,28","46,80K","4,61%"
"29.03.2011","29,50","29,48","29,57","29,29","31,89K","0,48%"
"28.03.2011","29,36","29,55","29,82","29,29","177,72K","-0,81%"
"25.03.2011","29,60","29,77","29,83","29,39","53,35K","-0,70%"
"24.03.2011","29,81","29,75","30,08","29,75","18,66K","2,83%"
"23.03.2011","28,99","29,12","29,28","28,86","62,86K","-1,46%"
"22.03.2011","29,42","29,67","29,67","29,27","43,45K","-1,54%"
"21.03.2011","29,88","29,55","30,09","29,54","104,20K","4,48%"
"18.03.2011","28,60","29,13","29,32","28,60","166,81K","0,07%"
"17.03.2011","28,58","28,72","29,00","28,11","117,55K","3,55%"
"16.03.2011","27,60","28,88","28,88","27,35","785,71K","-5,96%"
"15.03.2011","29,35","27,89","29,43","27,80","756,67K","0,24%"
"14.03.2011","29,28","29,58","29,58","29,20","81,48K","-0,34%"
"11.03.2011","29,38","29,25","29,44","29,05","126,50K","1,77%"
"10.03.2011","28,87","29,52","29,52","28,86","65,51K","-4,88%"
"09.03.2011","30,35","30,52","30,52","30,24","18,94K","-0,43%"
"08.03.2011","30,48","30,05","30,62","30,05","27,93K","2,90%"
"07.03.2011","29,62","30,17","30,17","29,56","51,39K","-0,44%"
"04.03.2011","29,75","30,30","30,31","29,44","23,62K","-1,72%"
"03.03.2011","30,27","30,59","30,71","30,00","94,79K","1,34%"
"02.03.2011","29,87","30,05","30,18","29,79","48,28K","-0,53%"
"01.03.2011","30,03","30,50","30,55","29,97","51,35K","-1,05%"
"28.02.2011","30,35","30,53","30,85","30,29","35,75K","0,80%"
"25.02.2011","30,11","30,10","30,39","29,90","39,31K","4,30%"
"24.02.2011","28,87","29,16","29,20","28,65","63,35K","-3,22%"
"23.02.2011","29,83","29,98","30,20","29,69","55,92K","-1,19%"
"22.02.2011","30,19","30,80","30,85","30,14","41,01K","-2,14%"
"18.02.2011","30,85","30,35","31,00","30,27","76,42K","0,55%"
"17.02.2011","30,68","30,49","30,74","30,25","166,56K","-0,90%"
"16.02.2011","30,96","31,04","31,09","30,76","51,57K","0,23%"
"15.02.2011","30,89","31,27","31,28","30,89","60,06K","-2,37%"
"14.02.2011","31,64","31,35","31,72","31,21","31,67K","-0,19%"
"11.02.2011","31,70","31,44","31,75","31,35","139,33K","1,08%"
"10.02.2011","31,36","30,99","31,43","30,87","30,62K","-0,10%"
"09.02.2011","31,39","31,22","31,43","31,09","79,30K","0,45%"
"08.02.2011","31,25","31,22","31,25","31,06","152,67K","3,37%"
"07.02.2011","30,23","30,15","30,40","30,01","85,77K","0,93%"
"04.02.2011","29,95","29,70","30,02","29,60","75,21K","2,01%"
"03.02.2011","29,36","29,85","29,85","29,12","92,49K","-2,94%"
"02.02.2011","30,25","30,70","30,70","30,20","44,97K","-1,94%"
"01.02.2011","30,85","30,62","30,96","30,45","112,23K","0,88%"
"31.01.2011","30,58","30,56","30,85","30,40","69,35K","0,43%"
"28.01.2011","30,45","31,25","31,29","30,30","655,16K","-1,17%"
"27.01.2011","30,81","31,25","31,25","30,64","184,04K","-0,48%"
"26.01.2011","30,96","30,85","30,97","30,52","197,28K","3,20%"
"25.01.2011","30,00","30,12","30,15","29,80","194,49K","-0,13%"
"24.01.2011","30,04","29,98","30,26","29,79","760,72K","-1,35%"
"21.01.2011","30,45","30,92","31,13","30,20","430,94K","-0,88%"
"20.01.2011","30,72","30,55","30,74","30,00","246,71K","-1,60%"
"19.01.2011","31,22","31,69","31,69","31,14","116,32K","-1,67%"
"18.01.2011","31,75","31,62","31,97","31,62","102,88K","0,92%"
"14.01.2011","31,46","31,15","31,46","30,96","51,60K","1,65%"
"13.01.2011","30,95","31,00","31,24","30,91","28,48K","-0,23%"
"12.01.2011","31,02","30,99","31,10","30,75","50,30K","0,26%"
"11.01.2011","30,94","30,43","30,94","30,41","43,71K","3,17%"
"10.01.2011","29,99","29,77","29,99","29,45","59,71K","-0,27%"
"07.01.2011","30,07","29,79","30,41","29,79","70,26K","2,45%"
"06.01.2011","29,35","29,90","29,90","29,25","45,54K","-1,18%"
"05.01.2011","29,70","29,34","29,75","29,20","44,96K","-2,30%"
"04.01.2011","30,40","30,75","30,91","30,33","68,51K","1,16%"
"03.01.2011","30,05","29,25","30,10","29,25","94,21K","5,25%"
"31.12.2010","28,55","28,40","28,60","28,40","27,03K","0,63%"
"30.12.2010","28,37","28,30","28,50","28,05","140,13K","-0,67%"
"29.12.2010","28,56","28,34","28,60","28,15","220,96K","2,70%"
"28.12.2010","27,81","27,70","27,99","27,70","265,80K","-0,96%"
"27.12.2010","28,08","27,89","28,09","27,42","383,32K","-5,10%"
"23.12.2010","29,59","29,65","29,79","29,36","192,57K","-1,07%"
"22.12.2010","29,91","30,02","30,03","29,60","61,68K","-1,12%"
"21.12.2010","30,25","30,23","30,25","29,86","117,03K","1,75%"
"20.12.2010","29,73","29,85","29,89","29,51","23,76K","0,30%"
"17.12.2010","29,64","29,99","29,99","29,45","35,58K","-1,56%"
"16.12.2010","30,11","30,21","30,30","30,00","63,25K","-0,53%"
"15.12.2010","30,27","30,86","30,86","30,25","45,64K","-2,35%"
"14.12.2010","31,00","31,18","31,30","30,82","35,27K","-1,93%"
"13.12.2010","31,61","31,51","31,80","31,24","56,16K","3,71%"
"10.12.2010","30,48","30,31","30,50","30,16","80,43K","4,03%"
"09.12.2010","29,30","29,38","29,39","29,00","140,19K","-3,30%"
"08.12.2010","30,30","30,84","30,84","30,09","92,06K","-3,66%"
"07.12.2010","31,45","32,02","32,03","31,35","95,20K","-0,35%"
"06.12.2010","31,56","31,50","31,68","31,30","30,69K","2,60%"
"03.12.2010","30,76","30,54","31,08","30,54","60,35K","3,01%"
"02.12.2010","29,86","29,25","30,18","29,25","94,48K","2,97%"
"01.12.2010","29,00","28,72","29,10","28,35","268,14K","6,42%"
"30.11.2010","27,25","26,99","27,39","26,85","315,96K","-1,16%"
"29.11.2010","27,57","27,65","27,70","27,21","243,06K","-2,89%"
"26.11.2010","28,39","27,95","28,39","27,93","23,98K","-0,73%"
"24.11.2010","28,60","28,25","28,69","28,25","20,27K","2,25%"
"23.11.2010","27,97","28,25","28,25","27,75","176,64K","-5,51%"
"22.11.2010","29,60","29,71","29,85","29,34","54,52K","-0,07%"
"19.11.2010","29,62","29,35","29,72","29,30","81,72K","1,26%"
"18.11.2010","29,25","28,93","29,33","28,93","260,11K","4,54%"
"17.11.2010","27,98","27,81","28,14","27,81","32,29K","0,65%"
"16.11.2010","27,80","28,01","28,15","27,65","294,44K","-0,89%"
"15.11.2010","28,05","28,45","28,45","27,99","418,36K","1,26%"
"12.11.2010","27,70","27,46","27,79","27,35","413,76K","1,47%"
"11.11.2010","27,30","27,05","27,35","26,94","163,72K","-0,36%"
"10.11.2010","27,40","27,29","27,50","26,75","119,10K","-1,08%"
"09.11.2010","27,70","28,05","28,25","27,59","447,78K","0,69%"
"08.11.2010","27,51","27,51","27,65","27,31","216,25K","-0,43%"
"05.11.2010","27,63","27,37","27,65","27,25","176,47K","-0,25%"
"04.11.2010","27,70","27,49","27,70","27,45","44,22K","2,40%"
"03.11.2010","27,05","26,95","27,55","26,62","93,58K","2,27%"
"02.11.2010","26,45","26,59","26,69","26,45","31,79K","0,80%"
"01.11.2010","26,24","26,29","26,35","25,95","228,44K","-1,87%"
"29.10.2010","26,74","26,30","26,82","26,18","138,56K","1,79%"
"28.10.2010","26,27","26,24","26,37","26,15","31,36K","3,43%"
"27.10.2010","25,40","25,39","25,45","24,90","2,97M","0,40%"
"26.10.2010","25,30","25,24","25,49","25,15","1,16M","-0,39%"
"25.10.2010","25,40","25,24","25,45","25,06","164,87K","4,74%"
"22.10.2010","24,25","23,20","24,62","23,09","88,15K","4,98%"
"21.10.2010","23,10","23,00","23,25","22,90","12,46K","2,90%"
"20.10.2010","22,45","22,15","22,60","22,10","20,31K","2,09%"
"19.10.2010","21,99","22,55","22,55","21,80","20,68K","-4,39%"
"18.10.2010","23,00","22,95","23,05","22,83","13,95K","-0,43%"
"15.10.2010","23,10","23,28","23,28","22,97","35,02K","-0,52%"
"14.10.2010","23,22","23,22","23,40","23,18","48,19K","1,09%"
"13.10.2010","22,97","22,90","23,05","22,83","21,39K","0,53%"
"12.10.2010","22,85","22,50","22,91","22,32","112,90K","2,05%"
"11.10.2010","22,39","22,45","22,45","22,18","59,33K","0,22%"
"08.10.2010","22,34","22,15","22,46","22,04","28,39K","1,50%"
"07.10.2010","22,01","22,24","22,24","21,80","17,29K","2,85%"
"06.10.2010","21,40","21,65","21,65","21,30","3,64K","0,09%"
"05.10.2010","21,38","21,00","21,41","21,00","12,86K","2,94%"
"04.10.2010","20,77","21,10","21,10","20,72","33,03K","-4,51%"
"01.10.2010","21,75","21,85","21,86","21,50","40,28K","-1,58%"
"30.09.2010","22,10","22,34","22,34","21,90","33,53K","-0,90%"
"29.09.2010","22,30","22,03","22,30","22,00","9,03K","1,13%"
"28.09.2010","22,05","21,94","22,10","21,74","21,13K","0,73%"
"27.09.2010","21,89","21,95","21,95","21,74","8,91K","-0,05%"
"24.09.2010","21,90","21,70","22,00","21,65","34,57K","4,29%"
"23.09.2010","21,00","21,14","21,17","20,82","20,26K","-2,33%"
"22.09.2010","21,50","21,66","21,80","21,48","6,56K","-0,19%"
"21.09.2010","21,54","21,35","21,75","21,30","24,01K","1,99%"
"20.09.2010","21,12","21,00","21,22","20,86","31,10K","1,29%"
"17.09.2010","20,85","20,90","21,03","20,70","28,34K","0,39%"
"16.09.2010","20,77","20,55","20,77","20,55","16,46K","1,17%"
"15.09.2010","20,53","20,30","20,60","20,30","19,48K","-0,10%"
"14.09.2010","20,55","20,22","20,65","20,22","36,74K","0,98%"
"13.09.2010","20,35","20,20","20,39","20,20","27,14K","3,25%"
"10.09.2010","19,71","19,54","19,85","19,54","45,46K","3,52%"
"09.09.2010","19,04","18,99","19,16","18,95","6,47K","1,49%"
"08.09.2010","18,76","18,83","18,93","18,71","6,36K","1,02%"
"07.09.2010","18,57","18,85","18,85","18,57","12,05K","-2,01%"
"03.09.2010","18,95","19,02","19,18","18,90","8,40K","0,11%"
"02.09.2010","18,93","19,00","19,00","18,86","6,26K","1,01%"
"01.09.2010","18,74","18,56","18,86","18,56","71,98K","2,68%"
"31.08.2010","18,25","18,11","18,35","18,10","3,48K","0,27%"
"30.08.2010","18,20","18,10","18,25","18,06","9,80K","-0,49%"
"27.08.2010","18,29","17,90","18,37","17,90","4,91K","2,29%"
"26.08.2010","17,88","17,84","18,05","17,84","3,15K","0,56%"
"25.08.2010","17,78","17,75","17,83","17,57","6,31K","-1,44%"
"24.08.2010","18,04","18,18","18,26","17,90","6,17K","-2,49%"
"23.08.2010","18,50","18,56","18,56","18,33","1,58K","0,60%"
"20.08.2010","18,39","18,50","18,50","18,26","2,51K","-1,39%"
"19.08.2010","18,65","18,95","19,12","18,65","4,09K","-0,80%"
"18.08.2010","18,80","18,56","18,87","18,56","13,03K","0,80%"
"17.08.2010","18,65","18,60","18,70","18,47","12,69K","1,69%"
"16.08.2010","18,34","18,36","18,36","18,15","3,90K","-0,11%"
"13.08.2010","18,36","18,18","18,37","18,18","11,23K","-1,29%"
"12.08.2010","18,60","18,36","18,70","18,23","10,41K","0,59%"
"11.08.2010","18,49","18,50","18,78","18,40","8,42K","-3,45%"
"10.08.2010","19,15","19,00","19,20","18,88","11,08K","-0,36%"
"09.08.2010","19,22","19,42","19,42","19,20","8,84K","-0,36%"
"06.08.2010","19,29","19,30","19,48","19,25","6,57K","0,21%"
"05.08.2010","19,25","19,20","19,29","19,19","7,42K","0,21%"
"04.08.2010","19,21","19,41","19,44","19,15","7,23K","-0,05%"
"03.08.2010","19,22","19,30","19,35","19,20","16,62K","-0,47%"
"02.08.2010","19,31","19,11","19,39","19,10","45,37K","1,10%"
"30.07.2010","19,10","19,00","19,10","18,76","6,23K","0,00%"
"29.07.2010","19,10","19,00","19,16","18,84","9,25K","1,60%"
"28.07.2010","18,80","18,91","19,00","18,80","6,21K","-1,26%"
"27.07.2010","19,04","19,09","19,16","18,93","17,32K","-0,47%"
"26.07.2010","19,13","19,17","19,22","19,05","10,35K","-1,39%"
"23.07.2010","19,40","19,12","19,40","19,00","36,57K","1,57%"
"22.07.2010","19,10","18,82","19,22","18,82","22,29K","2,96%"
"21.07.2010","18,55","18,49","18,62","18,25","5,14K","-0,32%"
"20.07.2010","18,61","18,33","18,61","18,31","3,27K","-0,21%"
"19.07.2010","18,65","18,62","18,67","18,36","9,20K","0,00%"
"16.07.2010","18,65","18,72","18,72","18,50","6,62K","0,16%"
"15.07.2010","18,62","18,71","18,85","18,50","3,87K","0,11%"
"14.07.2010","18,60","18,80","18,90","18,58","8,75K","-0,80%"
"13.07.2010","18,75","18,73","18,75","18,50","12,63K","4,75%"
"12.07.2010","17,90","17,99","18,03","17,74","6,49K","0,56%"
"09.07.2010","17,80","17,92","18,00","17,73","6,70K","-1,06%"
"08.07.2010","17,99","17,88","17,99","17,73","7,93K","0,90%"
"07.07.2010","17,83","17,73","18,00","17,53","6,28K","1,60%"
"06.07.2010","17,55","17,40","17,70","17,40","6,54K","1,45%"
"02.07.2010","17,30","17,15","17,45","17,06","4,67K","-0,57%"
"01.07.2010","17,40","17,38","17,40","17,03","19,69K","1,46%"
"30.06.2010","17,15","17,19","17,35","17,05","7,53K","0,00%"
"29.06.2010","17,15","17,05","17,29","16,97","17,67K","-2,45%"
"28.06.2010","17,58","17,79","17,80","17,51","9,02K","-0,62%"
"25.06.2010","17,69","17,69","17,71","17,50","35,85K","-0,23%"
"24.06.2010","17,73","17,90","17,95","17,60","8,41K","-1,45%"
"23.06.2010","17,99","18,06","18,06","17,76","20,57K","1,30%"
"22.06.2010","17,76","18,08","18,08","17,76","13,51K","-2,15%"
"21.06.2010","18,15","18,38","18,38","18,03","11,79K","0,00%"
"18.06.2010","18,15","18,03","18,23","17,81","17,59K","0,83%"
"17.06.2010","18,00","17,91","18,01","17,68","14,57K","4,11%"
"16.06.2010","17,29","17,12","17,32","16,97","8,30K","-0,92%"
"15.06.2010","17,45","17,00","17,47","16,96","34,84K","2,41%"
"14.06.2010","17,04","17,25","17,40","16,95","17,03K","-0,06%"
"11.06.2010","17,05","16,72","17,20","16,72","5,43K","0,00%"
"10.06.2010","17,05","16,80","17,05","16,67","33,73K","6,83%"
"09.06.2010","15,96","16,20","16,40","15,96","16,82K","-1,85%"
"08.06.2010","16,26","15,96","16,27","15,91","23,64K","0,43%"
"07.06.2010","16,19","16,51","16,54","16,12","12,27K","-0,37%"
"04.06.2010","16,25","16,71","16,71","16,20","21,15K","-5,52%"
"03.06.2010","17,20","17,00","17,22","16,84","17,50K","-0,29%"
"02.06.2010","17,25","17,00","17,25","16,72","12,93K","0,58%"
"01.06.2010","17,15","17,08","17,15","16,94","3,93K","0,59%"
"28.05.2010","17,05","17,15","17,44","16,99","23,72K","-0,35%"
"27.05.2010","17,11","17,00","17,19","16,82","16,62K","3,57%"
"26.05.2010","16,52","16,56","16,94","16,52","43,48K","0,73%"
"25.05.2010","16,40","16,11","16,48","16,05","51,08K","-3,02%"
"24.05.2010","16,91","16,78","17,00","16,57","13,34K","-0,41%"
"21.05.2010","16,98","16,35","17,06","16,35","16,53K","2,47%"
"20.05.2010","16,57","16,67","17,00","16,07","47,30K","-2,07%"
"19.05.2010","16,92","16,84","17,10","16,80","18,23K","-1,05%"
"18.05.2010","17,10","17,47","17,47","17,00","365,60K","-0,18%"
"17.05.2010","17,13","17,16","17,33","16,85","22,23K","-0,64%"
"14.05.2010","17,24","17,70","17,70","17,17","16,41K","-1,82%"
"13.05.2010","17,56","17,85","18,02","17,56","16,53K","-1,79%"
"12.05.2010","17,88","17,66","18,00","17,66","8,94K","2,17%"
"11.05.2010","17,50","17,52","17,65","17,26","11,78K","-0,28%"
"10.05.2010","17,55","17,84","17,88","17,40","24,17K","5,66%"
"07.05.2010","16,61","17,13","17,17","16,35","50,11K","0,06%"
"06.05.2010","16,60","17,39","17,40","16,60","77,03K","-5,03%"
"05.05.2010","17,48","17,40","17,64","17,04","43,93K","-3,85%"
"04.05.2010","18,18","18,44","18,44","17,97","48,13K","-4,32%"
"03.05.2010","19,00","18,90","19,00","18,65","26,93K","-1,04%"
"30.04.2010","19,20","19,01","19,30","18,85","23,93K","-1,03%"
"29.04.2010","19,40","19,00","19,40","18,85","14,21K","2,92%"
"28.04.2010","18,85","18,95","19,00","18,53","47,62K","-2,84%"
"27.04.2010","19,40","19,73","19,76","19,36","41,86K","-5,60%"
"26.04.2010","20,55","19,50","20,55","19,50","40,11K","2,24%"
"23.04.2010","20,10","20,05","20,20","19,90","10,83K","-0,50%"
"22.04.2010","20,20","20,30","20,30","19,90","35,82K","0,00%"
"21.04.2010","20,20","20,30","20,60","20,00","23,38K","1,25%"
"20.04.2010","19,95","19,90","20,10","19,90","20,16K","-0,75%"
"19.04.2010","20,10","19,60","20,20","19,50","45,90K","-0,74%"
"16.04.2010","20,25","20,71","20,71","20,08","28,47K","0,00%"
"15.04.2010","20,25","20,00","20,30","19,88","44,16K","0,00%"
"14.04.2010","20,25","20,20","20,25","19,75","40,13K","1,25%"
"13.04.2010","20,00","19,80","20,00","19,65","12,63K","2,56%"
"12.04.2010","19,50","19,45","19,70","19,41","9,71K","0,78%"
"09.04.2010","19,35","19,15","19,57","19,15","6,47K","-0,77%"
"08.04.2010","19,50","19,54","19,70","19,16","37,06K","-1,27%"
"07.04.2010","19,75","20,00","20,15","19,65","19,85K","-1,99%"
"06.04.2010","20,15","19,64","20,55","19,45","29,01K","1,26%"
"05.04.2010","19,90","19,96","20,01","19,75","16,62K","-0,50%"
"01.04.2010","20,00","19,55","20,25","19,50","7,63K","2,04%"
"31.03.2010","19,60","19,40","19,60","19,30","14,04K","0,51%"
"30.03.2010","19,50","19,20","19,65","19,00","28,08K","-0,76%"
"29.03.2010","19,65","19,65","19,72","16,69","32,01K","1,13%"
"26.03.2010","19,43","19,21","19,70","19,20","7,80K","2,80%"
"25.03.2010","18,90","18,88","18,94","18,73","36,03K","-1,05%"
"24.03.2010","19,10","19,18","19,26","18,98","78,42K","-3,78%"
"23.03.2010","19,85","19,80","19,95","19,42","60,08K","-4,52%"
"22.03.2010","20,79","20,15","20,85","20,15","17,14K","0,92%"
"19.03.2010","20,60","20,60","20,75","20,41","10,21K","0,49%"
"18.03.2010","20,50","20,75","20,84","20,36","16,98K","-2,43%"
"17.03.2010","21,01","20,85","21,05","20,79","31,99K","-0,19%"
"16.03.2010","21,05","20,65","21,05","20,65","26,90K","2,88%"
"15.03.2010","20,46","20,50","20,55","20,25","16,82K","-2,34%"
"12.03.2010","20,95","21,00","21,05","20,50","34,79K","2,95%"
"11.03.2010","20,35","19,88","20,40","19,79","28,67K","5,99%"
"10.03.2010","19,20","19,20","19,37","19,15","29,68K","0,52%"
"09.03.2010","19,10","19,15","19,18","18,95","15,35K","-1,65%"
"08.03.2010","19,42","19,74","19,75","19,42","52,68K","-0,51%"
"05.03.2010","19,52","19,05","19,66","19,05","34,53K","7,25%"
"04.03.2010","18,20","18,34","18,35","18,00","21,56K","-1,78%"
"03.03.2010","18,53","18,25","18,54","18,25","27,29K","3,52%"
"02.03.2010","17,90","17,56","17,96","17,56","11,00K","1,99%"
"01.03.2010","17,55","17,42","17,55","17,33","6,46K","-0,28%"
"26.02.2010","17,60","17,43","17,65","17,26","13,33K","0,00%"
"25.02.2010","17,60","17,45","17,65","17,25","16,08K","-1,40%"
"24.02.2010","17,85","17,59","17,91","17,53","4,42K","2,00%"
"23.02.2010","17,50","17,83","17,83","17,35","16,08K","-2,13%"
"22.02.2010","17,88","17,90","17,90","17,65","10,19K","3,95%"
"19.02.2010","17,20","17,34","17,41","17,15","16,62K","-2,55%"
"18.02.2010","17,65","17,34","17,65","17,24","24,17K","0,28%"
"17.02.2010","17,60","17,94","17,95","17,50","43,60K","-0,11%"
"16.02.2010","17,62","17,17","17,62","17,17","13,27K","3,34%"
"12.02.2010","17,05","16,95","17,10","16,85","34,05K","-1,45%"
"11.02.2010","17,30","17,39","17,39","17,00","17,07K","-3,08%"
"10.02.2010","17,85","17,97","17,98","17,70","38,27K","0,85%"
"09.02.2010","17,70","17,47","17,90","17,47","34,26K","2,02%"
"08.02.2010","17,35","17,31","17,55","17,20","17,31K","-1,70%"
"05.02.2010","17,65","17,73","17,80","17,02","57,62K","-4,08%"
"04.02.2010","18,40","18,82","18,82","18,21","28,12K","-3,92%"
"03.02.2010","19,15","19,09","19,34","18,98","25,99K","1,59%"
"02.02.2010","18,85","18,54","18,85","18,38","11,27K","0,80%"
"01.02.2010","18,70","18,35","18,70","18,20","23,26K","5,06%"
"29.01.2010","17,80","18,15","20,15","17,50","94,71K","-0,95%"
"28.01.2010","17,97","18,66","18,66","17,83","36,45K","-4,41%"
"27.01.2010","18,80","19,00","19,00","18,60","14,47K","-3,34%"
"26.01.2010","19,45","19,10","19,45","18,91","19,06K","0,73%"
"25.01.2010","19,31","19,77","19,88","19,31","16,23K","-1,48%"
"22.01.2010","19,60","20,00","20,15","19,50","86,72K","-2,00%"
"21.01.2010","20,00","20,36","20,53","19,92","181,64K","-3,38%"
"20.01.2010","20,70","20,86","20,91","20,28","21,18K","-0,72%"
"19.01.2010","20,85","20,78","21,30","20,70","10,16K","-3,02%"
"15.01.2010","21,50","21,14","21,60","20,73","27,28K","-0,46%"
"14.01.2010","21,60","21,50","22,00","21,25","20,25K","-1,14%"
"13.01.2010","21,85","21,75","22,00","21,43","17,75K","-0,91%"
"12.01.2010","22,05","21,91","22,05","21,57","28,63K","-1,56%"
"11.01.2010","22,40","22,32","22,40","22,00","17,92K","-0,22%"
"08.01.2010","22,45","22,01","22,45","21,73","24,42K","2,05%"
"07.01.2010","22,00","21,73","22,00","21,50","8,39K","2,33%"
"06.01.2010","21,50","21,60","21,75","21,50","19,61K","-0,69%"
"05.01.2010","21,65","21,61","21,85","21,43","10,30K","0,70%"
"04.01.2010","21,50","21,41","22,00","20,91","19,72K","-3,80%"
"31.12.2009","22,35","22,05","22,45","22,05","13,59K","-0,04%"
"30.12.2009","22,36","22,25","22,36","21,70","12,41K","0,27%"
"29.12.2009","22,30","22,34","22,41","22,23","15,48K","0,63%"
"28.12.2009","22,16","22,14","22,40","21,93","17,98K","-0,85%"
"24.12.2009","22,35","22,35","22,40","22,10","28,43K","1,82%"
"23.12.2009","21,95","21,66","22,05","21,37","24,76K","1,62%"
"22.12.2009","21,60","21,45","21,68","21,13","11,97K","0,93%"
"21.12.2009","21,40","21,45","21,45","20,97","9,26K","-2,51%"
"18.12.2009","21,95","22,86","22,86","21,75","23,68K","-4,98%"
"17.12.2009","23,10","23,22","23,38","23,00","11,26K","-2,41%"
"16.12.2009","23,67","23,20","23,82","23,20","5,80K","1,15%"
"15.12.2009","23,40","23,59","23,59","23,37","14,01K","-2,09%"
"14.12.2009","23,90","24,00","24,03","23,72","13,69K","-0,62%"
"11.12.2009","24,05","23,89","24,12","23,79","13,44K","2,25%"
"10.12.2009","23,52","23,95","23,95","23,47","12,39K","0,17%"
"09.12.2009","23,48","23,62","23,62","23,39","18,45K","1,12%"
"08.12.2009","23,22","23,60","23,60","23,17","20,62K","-3,85%"
"07.12.2009","24,15","23,87","24,30","23,87","15,09K","0,79%"
"04.12.2009","23,96","24,72","24,72","23,71","15,29K","-1,20%"
"03.12.2009","24,25","24,34","24,53","24,16","10,37K","2,11%"
"02.12.2009","23,75","24,52","24,55","23,70","38,55K","-3,65%"
"01.12.2009","24,65","24,70","24,89","24,50","17,81K","-1,20%"
"30.11.2009","24,95","25,56","26,16","24,53","135,39K","-4,41%"
"27.11.2009","26,10","25,80","26,41","25,61","7,18K","-1,14%"
"25.11.2009","26,40","26,30","26,40","25,85","10,46K","-2,04%"
"24.11.2009","26,95","27,60","27,60","26,65","15,25K","-4,50%"
"23.11.2009","28,22","28,10","28,39","28,08","10,55K","1,40%"
"20.11.2009","27,83","28,50","28,50","27,77","5,40K","-2,52%"
"19.11.2009","28,55","28,93","28,93","28,47","8,80K","-0,97%"
"18.11.2009","28,83","28,97","29,15","28,72","2,96K","-0,79%"
"17.11.2009","29,06","29,02","29,22","28,65","7,07K","-0,14%"
"16.11.2009","29,10","29,06","29,48","29,00","6,16K","1,39%"
"13.11.2009","28,70","28,55","29,10","28,01","19,59K","-1,71%"
"12.11.2009","29,20","30,05","30,23","29,12","24,51K","-7,12%"
"11.11.2009","31,44","31,65","31,65","30,85","128,96K","1,85%"
"10.11.2009","30,87","31,35","31,35","30,36","13,21K","-7,13%"
"09.11.2009","33,24","33,00","33,74","33,00","4,28K","1,65%"
"06.11.2009","32,70","32,31","32,71","32,07","8,15K","2,67%"
"05.11.2009","31,85","32,34","32,34","31,84","2,37K","0,76%"
"04.11.2009","31,61","31,55","32,15","31,30","3,16K","1,05%"
"03.11.2009","31,28","31,95","31,95","31,20","8,04K","-4,05%"
"02.11.2009","32,60","32,65","32,83","31,56","5,09K","-0,67%"
"30.10.2009","32,82","33,09","33,09","32,40","4,83K","-1,41%"
"29.10.2009","33,29","32,70","33,80","32,70","7,72K","1,65%"
"28.10.2009","32,75","33,32","33,55","32,15","6,44K","0,18%"
"27.10.2009","32,69","34,40","34,40","32,68","7,34K","-3,68%"
"26.10.2009","33,94","35,30","35,33","33,57","7,32K","-2,36%"
"23.10.2009","34,76","34,70","35,10","34,46","4,38K","-0,69%"
"22.10.2009","35,00","35,00","35,69","34,65","6,09K","0,26%"
"21.10.2009","34,91","35,00","35,77","34,86","7,12K","-0,96%"
"20.10.2009","35,25","36,23","36,23","35,14","5,76K","-2,25%"
"19.10.2009","36,06","36,00","36,41","35,62","7,32K","3,62%"
"16.10.2009","34,80","35,38","35,38","34,75","6,42K","-2,55%"
"15.10.2009","35,71","35,47","35,71","35,26","4,49K","3,78%"
"14.10.2009","34,41","35,03","35,99","34,41","14,18K","0,32%"
"13.10.2009","34,30","35,75","35,75","34,00","8,56K","0,32%"
"12.10.2009","34,19","34,19","34,55","34,13","8,07K","3,29%"
"09.10.2009","33,10","33,45","33,46","33,10","17,40K","-1,93%"
"08.10.2009","33,75","33,90","34,00","33,25","14,27K","1,63%"
"07.10.2009","33,21","33,91","33,91","33,11","2,31K","-2,47%"
"06.10.2009","34,05","33,80","34,35","33,66","8,30K","0,32%"
"05.10.2009","33,94","33,35","33,94","32,98","4,44K","4,91%"
"02.10.2009","32,35","31,80","32,40","31,80","8,37K","1,86%"
"01.10.2009","31,76","33,06","33,06","31,76","4,12K","-4,42%"
"30.09.2009","33,23","33,40","33,78","32,92","12,25K","-0,84%"
"29.09.2009","33,51","33,50","33,79","33,24","7,01K","0,93%"
"28.09.2009","33,20","32,50","33,40","32,50","5,56K","3,78%"
"25.09.2009","31,99","32,30","32,31","31,55","20,84K","-1,39%"
"24.09.2009","32,44","33,31","33,31","32,04","4,48K","0,59%"
"23.09.2009","32,25","33,10","33,29","32,04","49,64K","-3,36%"
"22.09.2009","33,37","32,30","33,39","32,30","14,89K","2,08%"
"21.09.2009","32,69","32,30","32,70","31,93","7,76K","-2,56%"
"18.09.2009","33,55","34,07","34,15","33,40","33,59K","-5,76%"
"17.09.2009","35,60","35,80","36,10","35,01","6,88K","-2,20%"
"16.09.2009","36,40","35,89","36,42","35,28","14,77K","0,89%"
"15.09.2009","36,08","35,90","36,08","35,42","11,03K","-1,42%"
"14.09.2009","36,60","36,65","37,20","36,50","13,16K","-1,74%"
"11.09.2009","37,25","37,04","37,94","37,04","9,22K","3,04%"
"10.09.2009","36,15","35,57","36,15","35,16","2,14K","2,41%"
"09.09.2009","35,30","35,50","35,50","34,74","3,44K","-0,28%"
"08.09.2009","35,40","35,69","35,69","34,85","8,39K","1,43%"
"04.09.2009","34,90","35,05","35,05","34,00","16,47K","-1,27%"
"03.09.2009","35,35","35,20","35,75","34,60","6,98K","-3,44%"
"02.09.2009","36,61","35,75","36,63","35,53","5,40K","4,01%"
"01.09.2009","35,20","37,05","37,05","35,15","28,98K","-9,51%"
"31.08.2009","38,90","39,21","39,21","38,70","5,42K","0,13%"
"28.08.2009","38,85","39,55","39,65","38,70","5,65K","-4,07%"
"27.08.2009","40,50","39,90","40,55","39,60","19,58K","1,48%"
"26.08.2009","39,91","40,20","40,26","39,67","18,88K","-3,48%"
"25.08.2009","41,35","41,00","41,47","40,29","42,47K","-2,57%"
"24.08.2009","42,44","42,95","42,95","42,00","19,07K","-3,98%"
"21.08.2009","44,20","43,30","45,00","43,00","44,99K","7,80%"
"20.08.2009","41,00","40,60","42,33","40,02","36,76K","-1,23%"
"19.08.2009","41,51","41,40","42,60","38,00","25,02K","-13,61%"
"18.08.2009","48,05","47,50","48,51","47,00","9,24K","-1,54%"
"17.08.2009","48,80","50,45","50,45","48,55","39,25K","-11,35%"
"14.08.2009","55,05","59,75","59,75","47,10","77,94K","-15,37%"
"13.08.2009","65,05","64,73","65,05","64,50","5,24K","1,56%"
"12.08.2009","64,05","63,31","64,90","63,31","7,70K","0,34%"
"11.08.2009","63,83","64,35","64,80","63,71","3,77K","-3,86%"
"10.08.2009","66,39","67,45","67,45","65,90","9,60K","-7,78%"
"07.08.2009","71,99","70,56","72,00","70,56","2,13K","5,09%"
"06.08.2009","68,50","67,75","69,55","66,77","35,86K","0,09%"
"05.08.2009","68,44","70,71","70,71","67,05","12,80K","-4,94%"
"04.08.2009","72,00","73,02","73,18","72,00","11,59K","-2,37%"
"03.08.2009","73,75","73,29","73,79","73,03","1,66K","1,67%"
"31.07.2009","72,54","72,85","73,20","71,64","2,02K","0,40%"
"30.07.2009","72,25","71,30","72,25","71,04","8,12K","5,63%"
"29.07.2009","68,40","72,35","72,75","66,80","5,27K","-5,34%"
"28.07.2009","72,26","74,10","74,10","71,85","2,19K","0,36%"
"27.07.2009","72,00","73,30","73,55","71,96","4,35K","-4,00%"
"24.07.2009","75,00","72,90","75,00","72,90","2,35K","4,07%"
"23.07.2009","72,07","70,55","72,89","70,55","5,83K","0,18%"
"22.07.2009","71,94","70,85","72,09","70,60","1,09K","2,58%"
"21.07.2009","70,13","71,65","71,65","69,00","5,16K","4,97%"
"20.07.2009","66,81","65,82","67,50","65,38","2,06K","-5,17%"
"17.07.2009","70,45","72,50","72,50","70,16","4,38K","-1,83%"
"16.07.2009","71,76","71,61","72,55","71,10","2,20K","0,24%"
"15.07.2009","71,59","69,05","71,59","68,48","9,10K","10,39%"
"14.07.2009","64,85","63,35","64,85","63,05","5,59K","5,88%"
"13.07.2009","61,25","60,17","62,25","60,17","3,50K","2,12%"
"10.07.2009","59,98","60,60","60,60","58,90","1,18K","-1,67%"
"09.07.2009","61,00","60,33","61,33","60,15","4,02K","1,41%"
"08.07.2009","60,15","60,02","60,33","59,36","6,47K","-0,82%"
"07.07.2009","60,65","62,98","63,07","60,65","3,63K","-4,25%"
"06.07.2009","63,34","63,21","63,86","62,82","3,99K","-1,34%"
"02.07.2009","64,20","65,65","65,65","63,90","4,15K","-8,22%"
"01.07.2009","69,95","69,19","70,55","69,19","2,77K","2,42%"
"30.06.2009","68,30","69,31","69,42","67,46","5,80K","-3,46%"
"29.06.2009","70,75","67,79","70,80","67,73","3,73K","0,91%"
"26.06.2009","70,11","70,22","70,45","69,96","7,05K","2,13%"
"25.06.2009","68,65","66,43","68,70","66,30","4,52K","1,03%"
"24.06.2009","67,95","65,65","70,00","65,65","21,55K","6,86%"
"23.06.2009","63,59","62,17","63,59","62,15","5,40K","3,30%"
"22.06.2009","61,56","60,55","62,24","60,11","9,58K","-2,27%"
"19.06.2009","62,99","61,80","62,99","61,80","2,36K","-1,72%"
"18.06.2009","64,09","64,85","64,94","64,09","1,02K","-2,89%"
"17.06.2009","66,00","65,47","66,44","64,40","6,85K","2,17%"
"16.06.2009","64,60","64,74","64,90","63,78","2,22K","-1,79%"
"15.06.2009","65,78","67,86","67,86","65,15","1,55K","-4,78%"
"12.06.2009","69,08","69,31","70,19","68,73","1,16K","-4,28%"
"11.06.2009","72,17","70,95","72,30","70,95","2,06K","2,15%"
"10.06.2009","70,65","72,90","72,90","70,12","7,73K","-1,19%"
"09.06.2009","71,50","70,66","72,14","70,50","1,60K","3,61%"
"08.06.2009","69,01","69,45","69,84","67,96","7,16K","3,00%"
"05.06.2009","67,00","70,63","70,63","66,87","5,81K","-4,08%"
"04.06.2009","69,85","69,50","70,50","69,50","13,79K","3,48%"
"03.06.2009","67,50","72,27","72,27","66,59","13,41K","-6,77%"
"02.06.2009","72,40","72,95","73,37","71,26","8,85K","12,23%"
"01.06.2009","64,51","63,61","65,20","63,30","7,24K","8,33%"
"29.05.2009","59,55","59,31","60,30","59,11","7,02K","0,42%"
"28.05.2009","59,30","58,21","59,30","58,21","3,72K","0,51%"
"27.05.2009","59,00","60,69","60,69","58,85","1,81K","-4,85%"
"26.05.2009","62,01","60,44","62,35","60,06","5,06K","-0,03%"
"22.05.2009","62,03","62,74","63,50","62,03","13,38K","0,44%"
"21.05.2009","61,76","61,15","61,76","61,04","0,99K","3,11%"
"20.05.2009","59,90","60,20","60,99","59,90","1,62K","-0,94%"
"19.05.2009","60,47","60,40","60,60","60,22","1,05K","-0,46%"
"18.05.2009","60,75","58,50","60,85","58,11","2,00K","2,02%"
"15.05.2009","59,55","59,90","59,95","58,79","3,47K","-1,34%"
"14.05.2009","60,36","59,85","61,15","59,45","2,80K","-1,32%"
"13.05.2009","61,17","60,88","61,19","60,50","2,60K","-2,35%"
"12.05.2009","62,64","61,60","62,64","61,60","0,51K","-0,40%"
"11.05.2009","62,89","63,00","63,00","62,25","3,75K","-1,50%"
"08.05.2009","63,85","63,08","64,00","61,95","8,46K","3,15%"
"07.05.2009","61,90","62,32","62,32","61,01","13,83K","0,95%"
"06.05.2009","61,32","63,05","63,05","61,00","32,02K","-1,89%"
"05.05.2009","62,50","62,74","63,10","62,00","2,54K","-0,79%"
"04.05.2009","63,00","62,12","63,62","61,87","6,26K","-1,02%"
"01.05.2009","63,65","63,75","63,75","62,45","0,84K","0,27%"
"30.04.2009","63,48","64,36","65,33","62,25","2,40K","-1,81%"
"29.04.2009","64,65","62,20","64,85","62,20","2,03K","-0,23%"
"28.04.2009","64,80","62,43","64,80","62,43","4,24K","1,25%"
"27.04.2009","64,00","61,40","64,00","61,06","2,41K","1,17%"
"24.04.2009","63,26","62,20","63,26","62,12","2,84K","0,41%"
"23.04.2009","63,00","59,73","63,00","59,69","2,50K","1,58%"
"22.04.2009","62,02","60,55","62,40","59,78","6,45K","1,67%"
"21.04.2009","61,00","60,44","61,90","59,65","15,16K","0,33%"
"20.04.2009","60,80","62,43","62,43","60,75","1,91K","-5,66%"
"17.04.2009","64,45","63,09","65,00","62,75","5,42K","2,33%"
"16.04.2009","62,98","62,95","62,98","62,29","1,64K","-2,88%"
"15.04.2009","64,85","63,75","64,85","62,78","1,64K","-0,46%"
"14.04.2009","65,15","65,66","66,05","64,78","1,12K","1,88%"
"13.04.2009","63,95","62,75","63,95","62,75","1,30K","2,81%"
"09.04.2009","62,20","61,95","62,40","61,80","0,72K","-0,26%"
"08.04.2009","62,36","61,99","63,03","61,99","0,90K","-0,06%"
"07.04.2009","62,40","62,95","63,54","62,40","3,41K","-1,83%"
"06.04.2009","63,56","62,64","64,10","62,64","16,23K","-0,61%"
"03.04.2009","63,95","64,04","64,51","63,45","22,53K","-1,01%"
"02.04.2009","64,60","62,39","65,85","62,39","20,56K","3,61%"
"01.04.2009","62,35","60,01","62,45","60,01","17,10K","1,55%"
"31.03.2009","61,40","60,29","61,40","59,98","36,23K","-1,29%"
"30.03.2009","62,20","61,95","62,40","61,95","2,08K","-6,04%"
"27.03.2009","66,20","66,06","66,57","65,55","0,96K","-3,78%"
"26.03.2009","68,80","70,84","71,11","68,80","7,30K","9,03%"
"25.03.2009","63,10","61,83","65,12","61,83","9,88K","7,31%"
"24.03.2009","58,80","58,25","58,85","58,15","5,27K","1,20%"
"23.03.2009","58,10","56,97","58,80","56,97","5,22K","2,38%"
"20.03.2009","56,75","55,66","56,75","55,15","10,82K","-1,48%"
"19.03.2009","57,60","57,24","57,73","57,21","3,78K","0,44%"
"18.03.2009","57,35","55,50","57,35","55,14","2,56K","2,41%"
"17.03.2009","56,00","56,00","57,00","55,75","9,42K","0,11%"
"16.03.2009","55,94","55,34","56,25","55,20","7,75K","1,07%"
"13.03.2009","55,35","55,48","56,00","54,60","4,21K","1,65%"
"12.03.2009","54,45","54,42","55,75","54,21","4,47K","1,30%"
"11.03.2009","53,75","53,75","55,03","53,55","12,64K","1,51%"
"10.03.2009","52,95","53,25","54,48","52,90","15,93K","1,55%"
"09.03.2009","52,14","51,03","52,91","50,87","7,10K","2,22%"
"06.03.2009","51,01","52,18","52,26","51,00","24,80K","0,02%"
"05.03.2009","51,00","51,91","53,47","50,80","20,96K","-0,99%"
"04.03.2009","51,51","50,36","52,09","50,36","7,78K","6,67%"
"03.03.2009","48,29","48,38","48,68","47,49","15,37K","3,65%"
"02.03.2009","46,59","47,40","47,40","46,59","5,66K","-4,92%"
"27.02.2009","49,00","49,30","49,50","48,00","26,41K","-3,16%"
"26.02.2009","50,60","51,46","52,11","50,60","5,38K","-0,51%"
"25.02.2009","50,86","50,90","54,05","50,75","24,72K","-5,55%"
"24.02.2009","53,85","52,40","54,09","51,29","24,72K","-0,28%"
"23.02.2009","54,00","56,23","56,72","54,00","3,87K","-5,74%"
"20.02.2009","57,29","57,53","58,44","56,35","7,53K","-2,90%"
"19.02.2009","59,00","59,95","60,33","59,00","1,43K","-0,08%"
"18.02.2009","59,05","60,14","60,14","58,95","1,19K","-0,49%"
"17.02.2009","59,34","60,45","60,65","59,34","2,19K","-6,67%"
"13.02.2009","63,58","64,15","64,17","63,35","1,18K","-1,58%"
"12.02.2009","64,60","65,24","65,24","63,90","3,86K","-6,85%"
"11.02.2009","69,35","68,76","70,30","68,15","1,26K","-0,64%"
"10.02.2009","69,80","70,95","72,30","69,40","1,23K","-1,55%"
"09.02.2009","70,90","69,75","72,05","69,72","1,59K","2,83%"
"06.02.2009","68,95","66,85","68,95","66,85","3,71K","2,07%"
"05.02.2009","67,55","65,52","67,55","65,52","1,37K","-0,44%"
"04.02.2009","67,85","66,00","68,35","66,00","0,91K","-0,37%"
"03.02.2009","68,10","66,05","68,10","66,05","1,59K","3,26%"
"02.02.2009","65,95","64,40","66,53","64,40","3,78K","2,30%"
"30.01.2009","64,47","66,47","66,47","63,75","2,40K","-1,04%"
"29.01.2009","65,15","66,56","66,98","65,15","0,70K","-7,85%"
"28.01.2009","70,70","69,84","71,30","69,60","1,60K","0,64%"
"27.01.2009","70,25","67,61","70,25","67,61","1,85K","7,17%"
"26.01.2009","65,55","63,20","69,00","63,20","10,29K","7,11%"
"23.01.2009","61,20","60,80","61,20","60,80","1,43K","-0,84%"
"22.01.2009","61,72","61,72","61,72","61,72","0,10K","-1,25%"
"21.01.2009","62,50","60,75","62,50","60,25","0,81K","2,48%"
"20.01.2009","60,99","62,50","62,50","60,50","2,11K","-4,93%"
"16.01.2009","64,15","64,05","64,15","64,05","0,75K","1,02%"
"15.01.2009","63,50","62,50","65,00","62,30","2,38K","-0,24%"
"14.01.2009","63,65","63,95","63,95","62,85","2,78K","-1,70%"
"13.01.2009","64,75","66,85","66,85","64,74","28,98K","-7,83%"
"12.01.2009","70,25","69,90","70,25","69,50","4,72K","-7,08%"
"09.01.2009","75,60","79,21","79,21","74,40","3,59K","-8,03%"
"08.01.2009","82,20","82,96","83,20","81,70","2,30K","3,07%"
"07.01.2009","79,75","80,20","81,30","79,75","7,19K","1,46%"
"06.01.2009","78,60","79,80","80,60","75,40","8,43K","11,25%"
"05.01.2009","70,65","69,25","73,50","68,75","31,44K","-1,53%"
"02.01.2009","71,75","70,10","73,60","70,10","4,99K","0,28%"
"31.12.2008","71,55","68,95","71,55","68,95","4,13K","0,49%"
"30.12.2008","71,20","71,30","71,30","69,10","5,22K","1,35%"
"29.12.2008","70,25","71,30","72,30","70,25","5,47K","-2,16%"
"26.12.2008","71,80","71,75","71,80","71,75","0,56K","-2,51%"
"24.12.2008","73,65","73,65","73,65","73,65","0,40K","2,65%"
"23.12.2008","71,75","73,40","73,90","71,75","0,75K","-2,65%"
"22.12.2008","73,70","74,95","74,95","72,70","1,10K","-4,53%"
"19.12.2008","77,20","84,15","84,15","77,20","1,47K","-8,69%"
"18.12.2008","84,55","88,90","89,95","84,50","1,91K","-4,18%"
"17.12.2008","88,24","88,60","88,60","87,65","2,09K","-1,85%"
"16.12.2008","89,90","85,00","89,90","85,00","1,69K","8,31%"
"15.12.2008","83,00","82,50","84,75","82,25","14,34K","1,65%"
"12.12.2008","81,65","81,00","82,00","80,00","3,84K","1,43%"
"11.12.2008","80,50","80,89","80,89","80,00","5,24K","-0,37%"
"10.12.2008","80,80","80,00","80,80","80,00","1,90K","4,19%"
"09.12.2008","77,55","77,90","78,25","77,55","114,56K","3,39%"
"08.12.2008","75,01","77,30","78,85","75,01","2,94K","3,82%"
"05.12.2008","72,25","72,00","75,00","71,02","4,38K","-4,93%"
"04.12.2008","76,00","75,30","76,00","73,01","1,88K","5,70%"
"03.12.2008","71,90","72,40","74,25","71,21","2,59K","-4,13%"
"02.12.2008","75,00","72,50","75,50","72,50","5,96K","12,61%"
"01.12.2008","66,60","74,20","74,20","66,60","19,67K","-3,27%"
"28.11.2008","68,85","72,90","72,90","68,85","0,77K","-7,65%"
"26.11.2008","74,55","68,10","82,60","67,14","12,40K","9,71%"
"25.11.2008","67,95","74,00","74,00","65,26","38,38K","-17,29%"
"24.11.2008","82,15","81,98","84,93","81,00","6,08K","-8,21%"
"21.11.2008","89,50","80,85","94,94","80,01","20,82K","6,94%"
"20.11.2008","83,69","90,00","92,00","83,69","21,18K","-10,25%"
"19.11.2008","93,25","98,50","99,00","93,25","3,97K","-1,84%"
"18.11.2008","95,00","95,76","97,00","93,00","5,74K","2,70%"
"17.11.2008","92,50","93,35","96,90","90,75","4,76K","-7,50%"
"14.11.2008","100,00","102,05","102,30","100,00","3,84K","-3,85%"
"13.11.2008","104,00","100,45","104,50","98,50","15,48K","8,05%"
"12.11.2008","96,25","94,75","98,20","94,66","24,12K","-4,83%"
"11.11.2008","101,14","98,25","101,44","97,50","6,74K","3,73%"
"10.11.2008","97,50","98,50","100,70","97,50","20,84K","-4,65%"
"07.11.2008","102,25","99,50","103,25","99,50","15,21K","1,24%"
"06.11.2008","101,00","106,25","106,25","100,00","8,99K","-1,93%"
"05.11.2008","102,99","108,10","109,95","100,35","14,55K","-1,59%"
"04.11.2008","104,65","95,05","104,95","90,90","24,69K","7,33%"
"03.11.2008","97,50","101,00","105,75","95,25","50,91K","-20,08%"
"31.10.2008","122,00","136,40","138,55","120,00","181,24K","-4,80%"
"30.10.2008","128,15","144,00","151,25","122,60","84,37K","-2,92%"
"29.10.2008","132,00","136,00","150,70","128,65","450,26K","-39,86%"
"28.10.2008","219,50","191,95","232,30","155,00","552,69K","86,02%"
"27.10.2008","118,00","95,20","159,15","94,95","280,31K","121,60%"
"24.10.2008","53,25","53,25","53,50","50,25","17,10K","-7,38%"
"23.10.2008","57,49","57,49","61,00","56,11","76,22K","-6,05%"
"22.10.2008","61,19","61,19","62,60","60,67","34,87K","0,89%"
"21.10.2008","60,65","60,65","64,00","60,65","90,14K","-18,59%"
"20.10.2008","74,50","74,50","78,00","71,50","30,04K","-21,78%"
"17.10.2008","95,25","95,25","99,43","93,50","25,85K","-12,01%"
"16.10.2008","108,25","108,25","111,40","105,30","13,12K","5,87%"
"15.10.2008","102,25","102,25","107,90","101,95","38,65K","7,44%"
"14.10.2008","95,17","95,17","97,45","91,75","16,62K","-3,87%"
"13.10.2008","99,00","99,00","99,00","90,65","69,47K","10,92%"
"10.10.2008","89,25","89,25","93,60","83,75","38,95K","12,26%"
"09.10.2008","79,50","79,50","80,75","77,00","126,60K","1,65%"
"08.10.2008","78,21","78,21","81,95","76,35","51,08K","2,91%"
"07.10.2008","76,00","76,00","96,20","75,00","304,81K","-4,10%"
"06.10.2008","79,25","79,25","80,00","71,00","20,80K","5,88%"
"03.10.2008","74,85","74,85","78,25","73,45","21,02K","4,03%"
"02.10.2008","71,95","71,95","75,35","71,76","37,31K","-6,07%"
"01.10.2008","76,60","76,60","77,05","76,05","30,50K","-3,73%"
"30.09.2008","79,57","79,57","79,57","77,25","21,69K","6,09%"
"29.09.2008","75,00","75,00","82,30","75,00","21,19K","-0,53%"
"26.09.2008","75,40","75,40","75,99","73,90","17,43K","0,94%"
"25.09.2008","74,70","74,70","74,85","74,00","21,47K","1,43%"
"24.09.2008","73,65","73,65","75,55","73,10","18,17K","-6,26%"
"23.09.2008","78,57","78,57","85,00","78,50","126,58K","-3,54%"
"22.09.2008","81,45","81,45","83,50","80,90","71,34K","8,60%"
"19.09.2008","75,00","75,00","76,95","72,05","34,25K","-14,01%"
"18.09.2008","87,22","87,22","88,00","79,90","110,60K","30,18%"
"17.09.2008","67,00","67,00","72,05","66,55","14,87K","3,91%"
"16.09.2008","64,48","64,48","64,50","60,00","45,09K","9,29%"
"15.09.2008","59,00","59,00","59,00","56,55","37,74K","-2,64%"
"12.09.2008","60,60","60,60","60,70","59,25","15,44K","1,51%"
"11.09.2008","59,70","59,70","59,70","57,65","29,17K","2,93%"
"10.09.2008","58,00","58,00","58,00","57,27","14,83K","2,20%"
"09.09.2008","56,75","56,75","57,61","56,75","22,76K","0,27%"
"08.09.2008","56,60","56,60","57,40","56,60","14,04K","0,71%"
"05.09.2008","56,20","56,20","56,90","55,95","8,87K","-1,58%"
"04.09.2008","57,10","57,10","58,60","57,10","3,78K","-4,19%"
"03.09.2008","59,60","59,60","59,66","59,30","9,44K","-0,22%"
"02.09.2008","59,73","59,73","60,25","59,70","25,61K","0,40%"
"29.08.2008","59,49","59,49","59,95","59,47","16,02K","-1,75%"
"28.08.2008","60,55","60,55","60,55","60,00","10,39K","1,42%"
"27.08.2008","59,70","59,70","59,90","59,70","1,10K","-0,50%"
"26.08.2008","60,00","60,00","60,10","58,93","27,76K","1,27%"
"25.08.2008","59,25","59,25","59,85","59,25","6,48K","-1,33%"
"22.08.2008","60,05","60,05","60,35","59,90","15,11K","0,92%"
"21.08.2008","59,50","59,50","59,70","59,30","10,43K","-0,10%"
"20.08.2008","59,56","59,56","59,56","58,90","10,82K","0,02%"
"19.08.2008","59,55","59,55","59,82","59,15","14,96K","0,42%"
"18.08.2008","59,30","59,30","60,25","59,20","20,65K","-1,27%"
"15.08.2008","60,06","60,06","60,15","59,55","10,78K","-2,26%"
"14.08.2008","61,45","61,45","61,45","60,47","13,85K","-0,49%"
"13.08.2008","61,75","61,75","61,76","60,75","7,95K","-1,52%"
"12.08.2008","62,70","62,70","62,75","62,00","4,15K","3,29%"
"11.08.2008","60,70","60,70","61,25","60,70","5,28K","0,50%"
"08.08.2008","60,40","60,40","60,69","59,25","3,33K","-0,41%"
"07.08.2008","60,65","60,65","60,80","59,95","5,13K","-0,93%"
"06.08.2008","61,22","61,22","61,22","60,70","5,10K","-0,94%"
"05.08.2008","61,80","61,80","61,80","60,41","7,51K","3,26%"
"04.08.2008","59,85","59,85","60,80","59,82","8,13K","-1,56%"
"01.08.2008","60,80","60,80","61,65","60,79","31,07K","-4,25%"
"31.07.2008","63,50","63,50","64,65","63,50","15,02K","-2,01%"
"30.07.2008","64,80","64,80","65,35","64,50","6,33K","-1,74%"
"29.07.2008","65,95","65,95","65,95","65,40","7,45K","1,15%"
"28.07.2008","65,20","65,20","65,75","65,20","8,46K","0,65%"
"25.07.2008","64,78","64,78","64,78","62,65","2,48K","2,35%"
"24.07.2008","63,29","63,29","64,85","63,29","3,29K","-3,81%"
"23.07.2008","65,80","65,80","65,93","65,01","14,63K","5,96%"
"22.07.2008","62,10","62,10","62,45","60,95","40,32K","2,48%"
"21.07.2008","60,60","60,60","60,66","60,00","29,56K","1,59%"
"18.07.2008","59,65","59,65","59,75","59,12","2,22K","0,76%"
"17.07.2008","59,20","59,20","59,70","59,15","8,40K","-1,17%"
"16.07.2008","59,90","59,90","59,90","58,00","15,49K","8,32%"
"15.07.2008","55,30","55,30","55,85","54,25","8,92K","2,73%"
"14.07.2008","53,83","53,83","54,00","53,75","5,11K","-0,04%"
"11.07.2008","53,85","53,85","53,85","53,05","0,90K","0,94%"
"10.07.2008","53,35","53,35","53,85","53,10","7,25K","-0,28%"
"09.07.2008","53,50","53,50","54,35","53,50","3,88K","-1,74%"
"08.07.2008","54,45","54,45","54,48","53,85","7,31K","-1,00%"
"07.07.2008","55,00","55,00","55,00","54,30","6,12K","-2,05%"
"03.07.2008","56,15","56,15","56,45","55,95","3,82K","-0,80%"
"02.07.2008","56,60","56,60","57,20","56,30","4,24K","-1,14%"
"01.07.2008","57,25","57,25","57,25","56,40","17,73K","-0,52%"
"30.06.2008","57,55","57,55","58,97","57,55","16,23K","1,32%"
"27.06.2008","56,80","56,80","56,85","56,20","10,37K","2,43%"
"26.06.2008","55,45","55,45","58,97","55,45","47,96K","-3,31%"
"25.06.2008","57,35","57,35","57,35","56,20","18,32K","2,96%"
"24.06.2008","55,70","55,70","55,90","55,25","21,55K","-1,24%"
"23.06.2008","56,40","56,40","56,40","55,80","4,09K","-1,23%"
"20.06.2008","57,10","57,10","58,97","56,40","15,60K","-0,09%"
"19.06.2008","57,15","57,15","57,25","56,45","3,96K","1,96%"
"18.06.2008","56,05","56,05","56,40","55,95","11,44K","-0,18%"
"17.06.2008","56,15","56,15","56,50","55,90","5,01K","3,92%"
"16.06.2008","54,03","54,03","54,15","53,50","7,14K","0,99%"
"13.06.2008","53,50","53,50","53,55","52,75","10,50K","-0,30%"
"12.06.2008","53,66","53,66","53,80","53,35","8,55K","-0,90%"
"11.06.2008","54,15","54,15","54,16","53,45","29,43K","-1,37%"
"10.06.2008","54,90","54,90","54,95","54,15","16,97K","-0,09%"
"09.06.2008","54,95","54,95","58,97","54,55","6,57K","3,10%"
"06.06.2008","53,30","53,30","54,20","53,30","17,26K","-1,11%"
"05.06.2008","53,90","53,90","53,90","53,30","5,96K","2,18%"
"04.06.2008","52,75","52,75","58,97","52,75","14,07K","-0,66%"
"03.06.2008","53,10","53,10","53,60","52,90","15,06K","-1,58%"
"02.06.2008","53,95","53,95","54,10","53,65","4,55K","-2,00%"
"30.05.2008","55,05","55,05","55,15","54,50","9,68K","-1,43%"
"29.05.2008","55,85","55,85","55,85","55,05","13,28K","-1,91%"
"28.05.2008","56,94","56,94","58,97","56,75","19,12K","-0,19%"
"27.05.2008","57,05","57,05","57,15","56,45","9,16K","-0,26%"
"23.05.2008","57,20","57,20","57,45","57,00","14,42K","-1,29%"
"22.05.2008","57,95","57,95","58,97","56,90","23,30K","-0,09%"
"21.05.2008","58,00","58,00","58,90","58,00","16,35K","-2,03%"
"20.05.2008","59,20","59,20","59,50","58,85","7,01K","-0,84%"
"19.05.2008","59,70","59,70","60,10","59,70","3,27K","-1,00%"
"16.05.2008","60,30","60,30","60,30","59,50","8,17K","3,25%"
"15.05.2008","58,40","58,40","58,95","58,40","6,94K","0,00%"
"14.05.2008","58,40","58,40","59,00","58,40","7,66K","0,69%"
"13.05.2008","58,00","58,00","58,00","57,85","1,25K","-0,77%"
"12.05.2008","58,45","58,45","58,45","57,80","3,78K","0,83%"
"09.05.2008","57,97","57,97","58,97","57,60","9,71K","-0,14%"
"08.05.2008","58,05","58,05","58,05","56,95","22,65K","2,83%"
"07.05.2008","56,45","56,45","57,20","56,45","20,13K","-3,34%"
"06.05.2008","58,40","58,40","58,40","57,85","13,48K","-0,51%"
"05.05.2008","58,70","58,70","58,70","58,45","19,75K","0,86%"
"02.05.2008","58,20","58,20","59,00","58,20","10,52K","-1,61%"
"01.05.2008","59,15","59,15","59,15","58,25","8,11K","0,77%"
"30.04.2008","58,70","58,70","59,50","58,50","9,36K","0,00%"
"29.04.2008","58,70","58,70","58,97","58,10","12,19K","2,44%"
"28.04.2008","57,30","57,30","58,97","57,30","20,17K","0,53%"
"25.04.2008","57,00","57,00","57,45","57,00","4,07K","-1,47%"
"24.04.2008","57,85","57,85","59,20","57,30","14,58K","-2,20%"
"23.04.2008","59,15","59,15","59,30","58,25","54,34K","-2,39%"
"22.04.2008","60,60","60,60","60,85","60,05","10,51K","2,36%"
"21.04.2008","59,20","59,20","59,55","58,50","19,90K","1,72%"
"18.04.2008","58,20","58,20","58,97","58,15","18,51K","-0,51%"
"17.04.2008","58,50","58,50","58,75","58,35","19,97K","-1,68%"
"16.04.2008","59,50","59,50","59,50","57,80","6,04K","4,85%"
"15.04.2008","56,75","56,75","56,95","56,60","6,58K","0,18%"
"14.04.2008","56,65","56,65","57,05","56,60","8,09K","-0,87%"
"11.04.2008","57,15","57,15","57,60","57,15","14,36K","-0,44%"
"10.04.2008","57,40","57,40","57,90","57,40","4,10K","-1,54%"
"09.04.2008","58,30","58,30","58,45","58,25","3,19K","0,17%"
"08.04.2008","58,20","58,20","58,25","58,00","13,12K","0,17%"
"07.04.2008","58,10","58,10","58,97","58,10","16,12K","0,00%"
"04.04.2008","58,10","58,10","58,20","57,55","6,10K","2,92%"
"03.04.2008","56,45","56,45","57,00","56,00","3,00K","0,53%"
"02.04.2008","56,15","56,15","56,30","55,50","3,74K","-1,49%"
"01.04.2008","57,00","57,00","57,00","56,10","2,79K","-2,15%"
"31.03.2008","58,25","58,25","58,35","57,35","11,91K","1,30%"
"28.03.2008","57,50","57,50","58,30","57,50","1,83K","-0,17%"
"27.03.2008","57,60","57,60","59,00","57,60","8,23K","-2,37%"
"26.03.2008","59,00","59,00","59,30","58,25","15,43K","2,43%"
"25.03.2008","57,60","57,60","57,80","57,00","17,25K","2,77%"
"24.03.2008","56,05","56,05","56,30","55,05","9,73K","0,54%"
"20.03.2008","55,75","55,75","55,75","55,00","26,68K","0,18%"
"19.03.2008","55,65","55,65","57,55","55,65","17,08K","0,54%"
"18.03.2008","55,35","55,35","55,80","54,60","23,11K","5,53%"
"17.03.2008","52,45","52,45","52,45","51,10","12,65K","6,41%"
"14.03.2008","49,29","49,29","49,45","48,67","3,05K","0,39%"
"13.03.2008","49,10","49,10","49,12","48,15","8,16K","1,34%"
"12.03.2008","48,45","48,45","48,45","48,15","0,59K","0,94%"
"11.03.2008","48,00","48,00","48,00","47,25","7,28K","1,69%"
"10.03.2008","47,20","47,20","47,50","47,20","3,07K","1,29%"
"07.03.2008","46,60","46,60","46,60","46,40","8,39K","0,43%"
"06.03.2008","46,40","46,40","46,65","46,40","18,37K","-0,54%"
"05.03.2008","46,65","46,65","46,80","45,75","4,76K","1,28%"
"04.03.2008","46,06","46,06","46,40","45,60","19,14K","-0,95%"
"03.03.2008","46,50","46,50","46,80","46,15","11,48K","3,22%"
"29.02.2008","45,05","45,05","45,60","45,05","18,65K","-0,99%"
"28.02.2008","45,50","45,50","45,65","45,30","8,33K","0,89%"
"27.02.2008","45,10","45,10","45,70","45,10","3,70K","0,22%"
"26.02.2008","45,00","45,00","45,25","44,65","28,96K","0,33%"
"25.02.2008","44,85","44,85","44,85","44,35","5,37K","1,33%"
"22.02.2008","44,26","44,26","44,45","44,20","9,61K","-0,09%"
"21.02.2008","44,30","44,30","44,75","44,30","3,73K","-1,34%"
"20.02.2008","44,90","44,90","44,90","43,90","5,13K","0,34%"
"19.02.2008","44,75","44,75","44,75","44,35","3,62K","1,24%"
"15.02.2008","44,20","44,20","44,20","43,90","22,01K","0,45%"
"14.02.2008","44,00","44,00","44,35","44,00","3,65K","-2,00%"
"13.02.2008","44,90","44,90","44,90","44,40","8,69K","1,47%"
"12.02.2008","44,25","44,25","44,80","43,85","10,05K","0,91%"
"11.02.2008","43,85","43,85","43,87","43,15","4,75K","1,39%"
"08.02.2008","43,25","43,25","43,25","43,00","2,37K","-1,03%"
"07.02.2008","43,70","43,70","43,80","43,05","2,52K","0,46%"
"06.02.2008","43,50","43,50","44,20","43,50","3,86K","0,93%"
"05.02.2008","43,10","43,10","43,70","43,10","15,70K","-2,16%"
"04.02.2008","44,05","44,05","44,70","44,05","20,19K","-2,31%"
"01.02.2008","45,09","45,09","45,30","44,60","18,09K","-1,51%"
"31.01.2008","45,78","45,78","45,78","44,35","9,48K","-0,04%"
"30.01.2008","45,80","45,80","46,50","45,10","7,42K","-1,29%"
"29.01.2008","46,40","46,40","46,70","45,95","20,57K","-2,21%"
"28.01.2008","47,45","47,45","47,45","45,80","6,46K","2,59%"
"25.01.2008","46,25","46,25","47,50","45,95","4,59K","3,01%"
"24.01.2008","44,90","44,90","45,70","44,80","5,61K","3,10%"
"23.01.2008","43,55","43,55","44,25","41,50","24,20K","-0,23%"
"22.01.2008","43,65","43,65","44,75","43,35","7,57K","-0,80%"
"18.01.2008","44,00","44,00","44,25","43,65","7,55K","-1,23%"
"17.01.2008","44,55","44,55","45,05","44,28","46,41K","-0,34%"
"16.01.2008","44,70","44,70","45,50","44,50","20,76K","-0,33%"
"15.01.2008","44,85","44,85","45,09","44,55","6,15K","-1,75%"
"14.01.2008","45,65","45,65","45,95","45,65","11,92K","3,87%"
"11.01.2008","43,95","43,95","44,64","43,95","5,19K","-1,24%"
"10.01.2008","44,50","44,50","44,60","43,65","6,98K","1,95%"
"09.01.2008","43,65","43,65","43,75","43,20","15,02K","0,58%"
"08.01.2008","43,40","43,40","44,06","43,40","14,19K","-1,23%"
"07.01.2008","43,94","43,94","44,20","43,55","13,63K","0,64%"
"04.01.2008","43,66","43,66","44,05","43,60","32,82K","-2,65%"
"03.01.2008","44,85","44,85","44,90","44,50","25,89K","-0,36%"
"02.01.2008","45,01","45,01","45,70","45,01","15,95K","-0,09%"
"31.12.2007","45,05","45,05","46,15","45,05","19,27K","-2,28%"
"28.12.2007","46,10","46,10","46,20","45,70","7,85K","0,99%"
"27.12.2007","45,65","45,65","45,95","45,10","19,73K","-0,98%"
"26.12.2007","46,10","46,10","46,45","46,00","4,33K","-0,19%"
"24.12.2007","46,19","46,19","46,19","45,75","5,01K","0,09%"
"21.12.2007","46,15","46,15","46,15","45,55","14,50K","3,24%"
"20.12.2007","44,70","44,70","44,71","44,25","13,40K","1,02%"
"19.12.2007","44,25","44,25","44,65","44,15","7,14K","0,23%"
"18.12.2007","44,15","44,15","45,10","44,15","8,99K","0,91%"
"17.12.2007","43,75","43,75","44,20","43,75","6,74K","-1,22%"
"14.12.2007","44,29","44,29","44,85","44,25","10,19K","-2,44%"
"13.12.2007","45,40","45,40","45,88","45,15","4,87K","-2,76%"
"12.12.2007","46,69","46,69","47,00","46,00","14,26K","2,35%"
"11.12.2007","45,62","45,62","46,75","44,85","24,77K","-0,28%"
"10.12.2007","45,75","45,75","46,15","45,55","7,18K","-0,22%"
"07.12.2007","45,85","45,85","46,30","45,85","4,60K","-2,96%"
"06.12.2007","47,25","47,25","47,25","45,80","10,86K","1,29%"
"05.12.2007","46,65","46,65","47,50","46,65","4,96K","0,43%"
"04.12.2007","46,45","46,45","46,81","46,40","2,61K","-1,69%"
"03.12.2007","47,25","47,25","47,70","47,25","29,49K","-2,25%"
"30.11.2007","48,34","48,34","48,75","47,65","13,40K","1,77%"
"29.11.2007","47,50","47,50","47,74","47,30","8,62K","-0,11%"
"28.11.2007","47,55","47,55","48,00","47,00","14,05K","2,70%"
"27.11.2007","46,30","46,30","46,75","46,13","32,93K","-1,17%"
"26.11.2007","46,85","46,85","47,55","46,85","9,02K","-1,14%"
"23.11.2007","47,39","47,39","47,39","46,83","7,90K","-1,17%"
"21.11.2007","47,95","47,95","48,55","47,85","14,58K","-0,10%"
"20.11.2007","48,00","48,00","48,65","47,95","14,06K","0,42%"
"19.11.2007","47,80","47,80","48,45","47,80","18,77K","-4,40%"
"16.11.2007","50,00","50,00","50,20","49,55","4,00K","-0,68%"
"15.11.2007","50,34","50,34","50,75","49,79","3,34K","0,12%"
"14.11.2007","50,28","50,28","51,40","50,28","7,66K","-1,22%"
"13.11.2007","50,90","50,90","50,90","50,15","10,39K","0,10%"
"12.11.2007","50,85","50,85","51,85","50,85","23,02K","-2,96%"
"09.11.2007","52,40","52,40","53,00","52,00","18,36K","-2,78%"
"08.11.2007","53,90","53,90","53,90","53,00","41,32K","-0,19%"
"07.11.2007","54,00","54,00","54,35","53,70","12,82K","-1,64%"
"06.11.2007","54,90","54,90","55,30","54,70","13,10K","1,20%"
"05.11.2007","54,25","54,25","54,25","53,80","14,97K","-3,38%"
"02.11.2007","56,15","56,15","56,19","55,15","96,47K","1,45%"
"01.11.2007","55,35","55,35","55,71","55,05","13,41K","-4,07%"
"31.10.2007","57,70","57,70","57,73","57,00","8,97K","4,79%"
"30.10.2007","55,06","55,06","55,09","54,55","4,82K","1,31%"
"29.10.2007","54,35","54,35","54,35","53,80","15,74K","3,33%"
"26.10.2007","52,60","52,60","52,60","51,95","16,32K","5,52%"
"25.10.2007","49,85","49,85","50,00","49,70","9,74K","0,50%"
"24.10.2007","49,60","49,60","49,71","49,00","9,56K","1,81%"
"23.10.2007","48,72","48,72","49,40","48,00","10,87K","-5,03%"
"22.10.2007","51,30","51,30","51,42","50,60","16,80K","1,32%"
"19.10.2007","50,63","50,63","50,90","50,00","14,00K","0,76%"
"18.10.2007","50,25","50,25","50,50","50,00","17,10K","1,62%"
"17.10.2007","49,45","49,45","50,10","49,20","18,84K","0,92%"
"16.10.2007","49,00","49,00","49,75","48,95","5,45K","-3,92%"
"15.10.2007","51,00","51,00","51,65","50,80","9,04K","-1,26%"
"12.10.2007","51,65","51,65","51,95","51,30","14,04K","-0,71%"
"11.10.2007","52,02","52,02","52,48","51,70","15,94K","4,67%"
"10.10.2007","49,70","49,70","49,75","49,35","4,65K","1,59%"
"09.10.2007","48,92","48,92","48,92","48,40","6,77K","1,92%"
"08.10.2007","48,00","48,00","48,65","48,00","4,48K","0,95%"
"05.10.2007","47,55","47,55","47,70","47,35","9,40K","4,28%"
"04.10.2007","45,60","45,60","45,60","45,25","7,31K","0,66%"
"03.10.2007","45,30","45,30","45,45","45,10","6,95K","0,67%"
"02.10.2007","45,00","45,00","45,35","44,95","7,05K","-1,85%"
"01.10.2007","45,85","45,85","46,10","45,65","8,56K","1,66%"
"28.09.2007","45,10","45,10","45,30","44,75","8,62K","0,00%"
"27.09.2007","45,10","45,10","45,10","44,80","9,50K","0,78%"
"26.09.2007","44,75","44,75","44,80","44,50","46,01K","0,45%"
"25.09.2007","44,55","44,55","44,55","44,25","3,12K","1,14%"
"24.09.2007","44,05","44,05","44,20","43,84","5,39K","0,23%"
"21.09.2007","43,95","43,95","43,95","43,73","3,54K","1,74%"
"20.09.2007","43,20","43,20","43,55","43,11","13,36K","0,70%"
"19.09.2007","42,90","42,90","43,00","42,70","6,33K","0,00%"
"18.09.2007","42,90","42,90","43,17","42,10","20,08K","2,61%"
"17.09.2007","41,81","41,81","42,25","41,80","3,59K","-1,28%"
"14.09.2007","42,35","42,35","42,35","42,10","11,43K","0,59%"
"13.09.2007","42,10","42,10","42,25","41,95","10,58K","1,20%"
"12.09.2007","41,60","41,60","41,85","41,55","13,40K","0,36%"
"11.09.2007","41,45","41,45","41,55","41,45","5,45K","-0,48%"
"10.09.2007","41,65","41,65","41,75","41,30","7,28K","1,59%"
"07.09.2007","41,00","41,00","41,35","40,95","10,27K","-0,49%"
"06.09.2007","41,20","41,20","41,50","40,90","5,30K","-0,12%"
"05.09.2007","41,25","41,25","41,25","40,90","4,40K","-1,08%"
"04.09.2007","41,70","41,70","41,70","41,05","5,60K","0,36%"
"31.08.2007","41,55","41,55","41,55","41,36","64,13K","1,59%"
"30.08.2007","40,90","40,90","41,25","40,80","48,48K","-1,09%"
"29.08.2007","41,35","41,35","41,35","40,80","11,25K","2,25%"
"28.08.2007","40,44","40,44","40,70","40,44","5,17K","-1,37%"
"27.08.2007","41,00","41,00","41,20","40,75","4,34K","0,12%"
"24.08.2007","40,95","40,95","41,00","40,45","6,48K","0,99%"
"23.08.2007","40,55","40,55","40,75","40,30","6,05K","-0,73%"
"22.08.2007","40,85","40,85","41,36","40,60","108,83K","0,25%"
"21.08.2007","40,75","40,75","40,80","40,45","9,40K","2,00%"
"20.08.2007","39,95","39,95","39,95","39,51","14,76K","1,14%"
"17.08.2007","39,50","39,50","40,00","39,45","16,35K","0,00%"
"16.08.2007","39,50","39,50","39,50","38,50","43,07K","1,41%"
"15.08.2007","38,95","38,95","39,65","38,95","7,21K","-0,64%"
"14.08.2007","39,20","39,20","39,50","39,20","10,68K","0,00%"
"13.08.2007","39,20","39,20","39,65","39,20","6,12K","-1,01%"
"10.08.2007","39,60","39,60","39,60","38,90","13,13K","3,69%"
"09.08.2007","38,19","38,19","38,65","38,00","40,87K","-0,16%"
"08.08.2007","38,25","38,25","38,75","38,25","40,70K","-1,54%"
"07.08.2007","38,85","38,85","39,20","38,65","9,03K","-1,02%"
"06.08.2007","39,25","39,25","39,40","38,80","7,47K","2,88%"
"03.08.2007","38,15","38,15","38,40","38,00","16,94K","1,06%"
"02.08.2007","37,75","37,75","37,75","37,25","23,90K","2,30%"
"01.08.2007","36,90","36,90","36,90","36,35","43,08K","2,02%"
"31.07.2007","36,17","36,17","36,45","36,15","5,20K","2,18%"
"30.07.2007","35,40","35,40","35,40","34,75","4,32K","3,51%"
"27.07.2007","34,20","34,20","34,35","33,80","4,63K","3,64%"
"26.07.2007","33,00","33,00","33,20","32,70","7,71K","-1,79%"
"25.07.2007","33,60","33,60","33,90","33,25","3,72K","-0,30%"
"24.07.2007","33,70","33,70","33,90","33,60","97,40K","-0,44%"
"23.07.2007","33,85","33,85","33,90","33,78","96,20K","1,65%"
"20.07.2007","33,30","33,30","33,65","33,30","34,58K","-0,15%"
"19.07.2007","33,35","33,35","33,70","33,35","1,68K","0,45%"
"18.07.2007","33,20","33,20","33,35","33,20","12,26K","-1,34%"
"17.07.2007","33,65","33,65","33,65","33,35","5,70K","-0,88%"
"16.07.2007","33,95","33,95","34,15","33,85","8,34K","0,59%"
"13.07.2007","33,75","33,75","34,00","33,70","7,67K","-0,74%"
"12.07.2007","34,00","34,00","34,05","33,70","2,08K","2,41%"
"11.07.2007","33,20","33,20","33,30","32,90","109,89K","-1,04%"
"10.07.2007","33,55","33,55","33,55","33,25","11,35K","-1,18%"
"09.07.2007","33,95","33,95","34,20","33,65","5,86K","0,89%"
"06.07.2007","33,65","33,65","33,80","33,55","7,14K","1,20%"
"05.07.2007","33,25","33,25","33,25","33,00","11,74K","1,06%"
"03.07.2007","32,90","32,90","32,90","32,70","10,69K","2,88%"
"02.07.2007","31,98","31,98","31,98","31,80","3,13K","0,88%"
"29.06.2007","31,70","31,70","31,85","31,55","93,08K","0,96%"
"28.06.2007","31,40","31,40","31,45","31,00","4,78K","3,12%"
"27.06.2007","30,45","30,45","30,60","30,45","2,85K","-1,30%"
"26.06.2007","30,85","30,85","30,85","30,70","2,96K","0,33%"
"25.06.2007","30,75","30,75","30,75","30,35","3,02K","0,82%"
"22.06.2007","30,50","30,50","30,55","30,30","4,24K","0,00%"
"21.06.2007","30,50","30,50","30,50","30,10","0,83K","-0,97%"
"20.06.2007","30,80","30,80","30,85","30,65","16,76K","0,16%"
"19.06.2007","30,75","30,75","30,75","30,55","5,63K","0,49%"
"18.06.2007","30,60","30,60","30,80","30,55","5,61K","0,49%"
"15.06.2007","30,45","30,45","30,45","30,20","8,67K","4,28%"
"14.06.2007","29,20","29,20","29,55","29,20","4,09K","-0,51%"
"13.06.2007","29,35","29,35","29,35","29,05","2,98K","2,26%"
"12.06.2007","28,70","28,70","29,00","28,55","2,20K","-0,52%"
"11.06.2007","28,85","28,85","28,95","28,85","3,70K","-1,87%"
"08.06.2007","29,40","29,40","29,40","28,90","28,87K","1,38%"
"07.06.2007","29,00","29,00","29,70","29,00","14,54K","-3,49%"
"06.06.2007","30,05","30,05","30,50","30,05","3,69K","-2,12%"
"05.06.2007","30,70","30,70","31,08","30,70","13,79K","-1,51%"
"04.06.2007","31,17","31,17","31,17","30,90","7,13K","1,80%"
"01.06.2007","30,62","30,62","30,72","30,40","15,74K","0,89%"
"31.05.2007","30,35","30,35","30,42","30,20","7,43K","0,66%"
"30.05.2007","30,15","30,15","30,40","30,10","5,85K","-1,47%"
"29.05.2007","30,60","30,60","30,95","30,45","12,22K","1,66%"
"25.05.2007","30,10","30,10","30,35","29,90","10,41K","-0,17%"
"24.05.2007","30,15","30,15","30,85","30,15","10,50K","-3,98%"
"23.05.2007","31,40","31,40","31,40","31,15","10,22K","5,55%"
"22.05.2007","29,75","29,75","29,95","29,35","11,53K","2,06%"
"21.05.2007","29,15","29,15","29,15","28,95","9,09K","-1,19%"
"18.05.2007","29,50","29,50","29,50","29,30","6,83K","0,00%"
"17.05.2007","29,50","29,50","29,50","29,30","117,34K","0,17%"
"16.05.2007","29,45","29,45","29,60","29,25","5,18K","1,38%"
"15.05.2007","29,05","29,05","29,10","28,75","3,05K","2,11%"
"14.05.2007","28,45","28,45","28,85","28,45","20,43K","-2,74%"
"11.05.2007","29,25","29,25","29,25","28,30","50,02K","5,03%"
"10.05.2007","27,85","27,85","28,40","27,85","15,48K","-3,47%"
"09.05.2007","28,85","28,85","28,95","28,70","15,54K","-0,52%"
"08.05.2007","29,00","29,00","29,15","28,95","10,18K","-2,68%"
"07.05.2007","29,80","29,80","29,90","29,65","5,47K","-0,33%"
"04.05.2007","29,90","29,90","30,05","29,90","5,02K","-0,17%"
"03.05.2007","29,95","29,95","30,05","29,75","12,23K","-0,99%"
"02.05.2007","30,25","30,25","30,40","30,15","27,95K","0,00%"
"01.05.2007","30,25","30,25","30,45","30,05","11,03K","-0,66%"
"30.04.2007","30,45","30,45","30,45","30,20","12,46K","0,50%"
"27.04.2007","30,30","30,30","30,50","30,25","6,11K","-0,98%"
"26.04.2007","30,60","30,60","30,70","30,45","18,40K","-0,97%"
"25.04.2007","30,90","30,90","31,10","30,75","36,11K","1,15%"
"24.04.2007","30,55","30,55","30,65","30,40","5,71K","-0,81%"
"23.04.2007","30,80","30,80","30,90","30,65","12,22K","-0,96%"
"20.04.2007","31,10","31,10","31,10","30,90","7,45K","0,97%"
"19.04.2007","30,80","30,80","31,25","30,80","16,95K","0,00%"
"18.04.2007","30,80","30,80","31,19","30,80","20,19K","0,16%"
"17.04.2007","30,75","30,75","31,03","30,60","29,84K","2,33%"
"16.04.2007","30,05","30,05","30,26","30,00","32,98K","0,00%"
"13.04.2007","30,05","30,05","30,17","29,95","95,09K","0,33%"
"12.04.2007","29,95","29,95","29,95","29,70","127,47K","1,01%"
"11.04.2007","29,65","29,65","29,90","29,60","67,18K","0,00%"
"10.04.2007","29,65","29,65","29,65","29,55","37,91K","0,17%"
"09.04.2007","29,60","29,60","29,90","29,55","22,70K","-0,67%"
"05.04.2007","29,80","29,80","29,90","29,70","8,24K","0,00%"
"04.04.2007","29,80","29,80","29,90","29,70","8,98K","-0,50%"
"03.04.2007","29,95","29,95","30,05","29,85","4,69K","-0,83%"
"02.04.2007","30,20","30,20","30,40","29,95","25,52K","-0,17%"
"30.03.2007","30,25","30,25","30,35","29,80","9,38K","-0,49%"
"29.03.2007","30,40","30,40","30,40","29,95","20,19K","2,01%"
"28.03.2007","29,80","29,80","29,80","29,50","47,74K","-2,13%"
"27.03.2007","30,45","30,45","30,55","29,85","55,89K","-0,49%"
"26.03.2007","30,60","30,60","30,60","30,20","21,67K","-2,86%"
"23.03.2007","31,50","31,50","31,50","30,40","14,47K","5,88%"
"22.03.2007","29,75","29,75","29,90","29,45","12,12K","1,71%"
"21.03.2007","29,25","29,25","29,25","28,00","18,75K","4,09%"
"20.03.2007","28,10","28,10","28,20","27,95","3,92K","0,90%"
"19.03.2007","27,85","27,85","28,00","27,60","19,21K","1,09%"
"16.03.2007","27,55","27,55","27,90","27,55","21,97K","1,10%"
"15.03.2007","27,25","27,25","27,35","26,85","11,78K","1,68%"
"14.03.2007","26,80","26,80","27,10","26,80","20,15K","0,75%"
"13.03.2007","26,60","26,60","27,55","26,60","41,84K","-2,56%"
"12.03.2007","27,30","27,30","27,55","26,85","23,23K","1,11%"
"09.03.2007","27,00","27,00","27,15","26,35","32,94K","2,43%"
"08.03.2007","26,36","26,36","26,36","26,00","22,70K","3,37%"
"07.03.2007","25,50","25,50","25,55","25,20","10,51K","3,45%"
"06.03.2007","24,65","24,65","24,75","24,25","55,55K","4,01%"
"05.03.2007","23,70","23,70","24,00","23,50","19,74K","-3,27%"
"02.03.2007","24,50","24,50","24,75","24,50","4,40K","-0,61%"
"01.03.2007","24,65","24,65","25,05","24,50","23,72K","-2,57%"
"28.02.2007","25,30","25,30","25,50","25,05","109,55K","5,64%"
"27.02.2007","23,95","23,95","24,85","23,90","13,99K","-4,58%"
"26.02.2007","25,10","25,10","25,15","24,90","14,63K","0,80%"
"23.02.2007","24,90","24,90","25,05","24,90","7,14K","-0,40%"
"22.02.2007","25,00","25,00","25,00","24,80","9,84K","0,60%"
"21.02.2007","24,85","24,85","25,10","24,85","21,55K","-0,60%"
"20.02.2007","25,00","25,00","25,00","23,35","33,54K","8,23%"
"16.02.2007","23,10","23,10","23,10","22,90","20,70K","-0,86%"
"15.02.2007","23,30","23,30","23,35","23,10","55,86K","0,04%"
"14.02.2007","23,29","23,29","23,29","22,85","16,60K","3,51%"
"13.02.2007","22,50","22,50","22,54","22,30","15,32K","1,12%"
"12.02.2007","22,25","22,25","22,25","22,05","7,25K","-0,67%"
"09.02.2007","22,40","22,40","22,45","22,25","8,96K","1,13%"
"08.02.2007","22,15","22,15","22,15","21,90","7,33K","0,00%"
"07.02.2007","22,15","22,15","22,15","21,95","11,45K","0,91%"
"06.02.2007","21,95","21,95","22,15","21,95","9,29K","-0,68%"
"05.02.2007","22,10","22,10","22,20","21,95","16,60K","-0,67%"
"02.02.2007","22,25","22,25","22,25","22,05","4,39K","-0,67%"
"01.02.2007","22,40","22,40","22,40","22,15","119,84K","-0,44%"
"31.01.2007","22,50","22,50","22,50","22,25","24,37K","-0,22%"
"30.01.2007","22,55","22,55","22,75","22,35","15,47K","2,27%"
"29.01.2007","22,05","22,05","22,30","22,05","12,00K","0,23%"
"26.01.2007","22,00","22,00","22,10","21,80","7,56K","0,46%"
"25.01.2007","21,90","21,90","22,15","21,70","34,79K","-1,13%"
"24.01.2007","22,15","22,15","22,20","22,00","9,86K","-0,23%"
"23.01.2007","22,20","22,20","22,20","22,00","5,17K","1,60%"
"22.01.2007","21,85","21,85","22,10","21,75","71,06K","-1,35%"
"19.01.2007","22,15","22,15","22,20","21,90","30,08K","1,14%"
"18.01.2007","21,90","21,90","22,25","21,90","18,36K","0,92%"
"17.01.2007","21,70","21,70","21,95","21,70","23,81K","-1,14%"
"16.01.2007","21,95","21,95","22,00","21,70","11,81K","2,81%"
"12.01.2007","21,35","21,35","21,60","21,35","12,16K","0,23%"
"11.01.2007","21,30","21,30","21,55","21,30","32,41K","-0,51%"
"10.01.2007","21,41","21,41","21,55","21,40","7,63K","-1,79%"
"09.01.2007","21,80","21,80","22,05","21,80","19,89K","-1,80%"
"08.01.2007","22,20","22,20","22,50","22,15","16,67K","-1,77%"
"05.01.2007","22,60","22,60","22,65","22,05","23,52K","2,03%"
"04.01.2007","22,15","22,15","22,35","22,05","34,65K","-1,99%"
"03.01.2007","22,60","22,60","22,70","22,50","63,98K","0,00%"
"29.12.2006","22,60","22,60","22,90","22,60","10,62K","0,00%"
"28.12.2006","22,60","22,60","22,85","22,60","14,05K","0,67%"
"27.12.2006","22,45","22,45","22,45","22,25","7,08K","1,35%"
"26.12.2006","22,15","22,15","22,15","22,00","7,77K","0,00%"
"22.12.2006","22,15","22,15","22,41","22,00","20,01K","-1,16%"
"21.12.2006","22,41","22,41","22,70","22,40","14,14K","-0,40%"
"20.12.2006","22,50","22,50","22,65","22,40","14,38K","0,90%"
"19.12.2006","22,30","22,30","22,50","22,15","16,16K","0,22%"
"18.12.2006","22,25","22,25","22,35","22,00","9,09K","2,06%"
"15.12.2006","21,80","21,80","22,20","21,80","14,27K","-1,58%"
"14.12.2006","22,15","22,15","22,25","22,05","26,96K","-0,23%"
"13.12.2006","22,20","22,20","22,30","22,05","27,06K","1,60%"
"12.12.2006","21,85","21,85","22,05","21,85","29,55K","-0,68%"
"11.12.2006","22,00","22,00","22,15","21,90","9,75K","2,09%"
"08.12.2006","21,55","21,55","21,95","21,55","19,84K","-2,05%"
"07.12.2006","22,00","22,00","22,05","21,80","18,44K","1,90%"
"06.12.2006","21,59","21,59","21,75","21,59","22,28K","-0,96%"
"05.12.2006","21,80","21,80","21,85","21,60","11,88K","-0,23%"
"04.12.2006","21,85","21,85","21,90","21,70","16,59K","2,10%"
"01.12.2006","21,40","21,40","21,75","21,40","21,18K","-2,73%"
"30.11.2006","22,00","22,00","22,40","21,85","18,27K","-1,57%"
"29.11.2006","22,35","22,35","22,95","22,05","65,40K","3,52%"
"28.11.2006","21,59","21,59","21,70","21,15","108,78K","4,05%"
"27.11.2006","20,75","20,75","21,00","20,75","62,13K","-2,58%"
"24.11.2006","21,30","21,30","21,35","21,10","19,16K","0,00%"
"22.11.2006","21,30","21,30","21,55","21,25","31,89K","2,65%"
"21.11.2006","20,75","20,75","20,85","20,65","39,33K","0,14%"
"20.11.2006","20,72","20,72","21,00","20,55","96,91K","-0,38%"
"17.11.2006","20,80","20,80","21,99","20,65","129,70K","-5,67%"
"16.11.2006","22,05","22,05","22,35","20,60","330,67K","3,04%"
"15.11.2006","21,40","21,40","21,80","21,15","78,85K","3,88%"
"14.11.2006","20,60","20,60","20,60","20,35","37,36K","1,23%"
"13.11.2006","20,35","20,35","20,55","20,35","18,90K","-0,49%"
"10.11.2006","20,45","20,45","20,60","20,45","101,43K","0,25%"
"09.11.2006","20,40","20,40","20,65","20,40","60,67K","0,74%"
"08.11.2006","20,25","20,25","20,50","20,20","44,78K","-2,64%"
"07.11.2006","20,80","20,80","20,80","20,65","1,94M","2,21%"
"06.11.2006","20,35","20,35","20,55","20,20","48,12K","2,26%"
"03.11.2006","19,90","19,90","20,10","19,90","92,28K","0,51%"
"02.11.2006","19,80","19,80","20,05","19,80","47,74K","1,02%"
"01.11.2006","19,60","19,60","19,80","18,70","60,00K","0,26%"
"31.10.2006","19,55","19,55","19,80","19,55","110,75K","0,26%"
"30.10.2006","19,50","19,50","19,80","19,50","57,67K","-1,76%"
"27.10.2006","19,85","19,85","20,15","19,55","140,61K","2,32%"
"26.10.2006","19,40","19,40","19,65","19,35","287,62K","0,00%"
"25.10.2006","19,40","19,40","19,40","19,00","69,74K","3,47%"
"24.10.2006","18,75","18,75","18,76","18,55","155,41K","1,35%"
"23.10.2006","18,50","18,50","18,60","18,40","1,98M","0,00%"
"20.10.2006","18,50","18,50","18,60","18,40","1,55M","-0,80%"
"19.10.2006","18,65","18,65","18,65","18,30","57,42K","5,37%"
"18.10.2006","17,70","17,70","17,90","17,70","30,88K","1,43%"
"17.10.2006","17,45","17,45","17,60","17,45","54,48K","0,00%"
"16.10.2006","17,45","17,45","17,60","17,45","35,60K","0,00%"
"13.10.2006","17,45","17,45","17,60","17,45","24,09K","-1,13%"
"12.10.2006","17,65","17,65","17,65","17,45","26,06K","1,44%"
"11.10.2006","17,40","17,40","17,60","17,40","40,70K","-0,57%"
"10.10.2006","17,50","17,50","17,70","17,35","41,79K","1,16%"
"09.10.2006","17,30","17,30","17,45","17,27","528,20K","-0,86%"
"06.10.2006","17,45","17,45","17,60","17,35","28,50K","-0,57%"
"05.10.2006","17,55","17,55","17,80","17,55","33,20K","-0,28%"
"04.10.2006","17,60","17,60","17,60","17,30","56,40K","2,33%"
"03.10.2006","17,20","17,20","17,25","17,10","24,47K","1,78%"
"02.10.2006","16,90","16,90","17,10","16,85","164,46K","0,30%"
"29.09.2006","16,85","16,85","17,05","16,85","61,31K","-1,17%"
"28.09.2006","17,05","17,05","17,20","17,05","95,53K","0,29%"
"27.09.2006","17,00","17,00","17,20","17,00","36,34K","0,59%"
"26.09.2006","16,90","16,90","16,95","16,80","39,99K","0,30%"
"25.09.2006","16,85","16,85","16,95","16,65","160,82K","1,81%"
"22.09.2006","16,55","16,55","16,75","16,50","26,48K","-1,19%"
"21.09.2006","16,75","16,75","16,91","16,70","47,92K","0,30%"
"20.09.2006","16,70","16,70","16,70","16,50","33,29K","2,14%"
"19.09.2006","16,35","16,35","16,45","16,30","16,76K","-0,73%"
"18.09.2006","16,47","16,47","16,47","16,30","94,83K","1,04%"
"15.09.2006","16,30","16,30","16,50","16,25","40,55K","-0,43%"
"14.09.2006","16,37","16,37","16,52","16,20","71,51K","1,05%"
"13.09.2006","16,20","16,20","16,25","16,10","68,37K","1,25%"
"12.09.2006","16,00","16,00","16,15","15,75","47,85K","2,56%"
"11.09.2006","15,60","15,60","15,70","15,45","25,48K","-0,64%"
"08.09.2006","15,70","15,70","15,80","15,60","27,38K","0,00%"
"07.09.2006","15,70","15,70","15,85","15,70","53,82K","-2,67%"
"06.09.2006","16,13","16,13","18,12","16,05","64,66K","-0,43%"
"05.09.2006","16,20","16,20","16,40","16,14","42,12K","-0,31%"
"01.09.2006","16,25","16,25","16,25","16,05","44,79K","2,20%"
"31.08.2006","15,90","15,90","16,15","15,90","33,85K","-0,93%"
"30.08.2006","16,05","16,05","16,15","16,00","17,43K","1,20%"
"29.08.2006","15,86","15,86","16,01","15,85","84,16K","0,70%"
"28.08.2006","15,75","15,75","15,95","15,70","48,59K","-0,32%"
"25.08.2006","15,80","15,80","15,95","15,80","31,31K","-0,94%"
"24.08.2006","15,95","15,95","16,20","15,90","37,82K","1,59%"
"23.08.2006","15,70","15,70","16,05","15,70","38,57K","-0,32%"
"22.08.2006","15,75","15,75","16,05","15,70","48,76K","-3,31%"
"21.08.2006","16,29","16,29","16,40","16,15","93,30K","0,56%"
"18.08.2006","16,20","16,20","16,35","16,15","15,06K","0,31%"
"17.08.2006","16,15","16,15","16,30","16,15","27,10K","1,25%"
"16.08.2006","15,95","15,95","16,06","15,90","36,80K","1,27%"
"15.08.2006","15,75","15,75","15,90","15,70","111,50K","0,96%"
"14.08.2006","15,60","15,60","15,80","15,60","403,27K","0,32%"
"11.08.2006","15,55","15,55","15,65","15,50","1,47M","0,00%"
"10.08.2006","15,55","15,55","15,75","15,45","31,91K","0,32%"
"09.08.2006","15,50","15,50","15,85","15,50","24,36K","2,65%"
"08.08.2006","15,10","15,10","15,35","15,05","71,42K","1,68%"
"07.08.2006","14,85","14,85","15,05","14,85","21,29K","-0,34%"
"04.08.2006","14,90","14,90","15,25","14,85","87,17K","0,00%"
"03.08.2006","14,90","14,90","15,05","14,85","41,32K","0,00%"
"02.08.2006","14,90","14,90","15,05","14,90","32,36K","1,02%"
"01.08.2006","14,75","14,75","14,95","14,65","58,73K","-1,01%"
"31.07.2006","14,90","14,90","15,10","14,85","21,37K","0,00%"
"28.07.2006","14,90","14,90","15,00","14,70","49,77K","0,00%"
"27.07.2006","14,90","14,90","15,20","14,90","31,08K","7,19%"
"26.07.2006","13,90","13,90","13,90","13,65","43,70K","0,72%"
"25.07.2006","13,80","13,80","13,85","13,65","152,33K","0,73%"
"24.07.2006","13,70","13,70","13,75","13,25","22,42K","4,98%"
"21.07.2006","13,05","13,05","13,25","13,05","41,40K","-1,51%"
"20.07.2006","13,25","13,25","13,55","13,25","30,77K","-0,75%"
"19.07.2006","13,35","13,35","13,55","12,95","24,68K","5,12%"
"18.07.2006","12,70","12,70","13,00","12,70","21,66K","-1,93%"
"17.07.2006","12,95","12,95","13,15","12,95","49,34K","-2,63%"
"14.07.2006","13,30","13,30","13,60","13,30","48,22K","-0,75%"
"13.07.2006","13,40","13,40","13,65","13,40","20,69K","-0,37%"
"12.07.2006","13,45","13,45","13,80","13,45","98,04K","-1,10%"
"11.07.2006","13,60","13,60","13,75","13,50","25,04K","-0,73%"
"10.07.2006","13,70","13,70","13,92","13,65","20,87K","-0,36%"
"07.07.2006","13,75","13,75","14,00","13,55","32,95K","0,00%"
"06.07.2006","13,75","13,75","13,95","13,65","30,34K","0,73%"
"05.07.2006","13,65","13,65","13,85","13,55","73,34K","-2,50%"
"03.07.2006","14,00","14,00","14,10","13,90","26,84K","1,08%"
"30.06.2006","13,85","13,85","13,95","13,75","14,02K","-0,36%"
"29.06.2006","13,90","13,90","13,90","13,20","30,34K","5,70%"
"28.06.2006","13,15","13,15","13,20","13,00","26,71K","1,54%"
"27.06.2006","12,95","12,95","13,25","12,95","42,00K","-2,26%"
"26.06.2006","13,25","13,25","13,40","13,20","24,11K","-0,75%"
"23.06.2006","13,35","13,35","13,55","13,30","25,55K","1,91%"
"22.06.2006","13,10","13,10","13,30","13,10","109,23K","-1,13%"
"21.06.2006","13,25","13,25","13,35","13,10","26,04K","-0,75%"
"20.06.2006","13,35","13,35","13,45","13,30","34,97K","1,14%"
"19.06.2006","13,20","13,20","13,55","13,20","52,58K","-0,38%"
"16.06.2006","13,25","13,25","13,45","13,25","49,35K","-3,64%"
"15.06.2006","13,75","13,75","13,75","13,05","24,24K","7,84%"
"14.06.2006","12,75","12,75","12,95","12,65","42,07K","-0,78%"
"13.06.2006","12,85","12,85","13,10","12,85","27,26K","0,00%"
"12.06.2006","12,85","12,85","13,20","12,85","37,19K","-3,02%"
"09.06.2006","13,25","13,25","13,35","13,15","55,72K","1,92%"
"08.06.2006","13,00","13,00","13,15","12,90","31,11K","-0,76%"
"07.06.2006","13,10","13,10","13,30","13,10","27,93K","-0,76%"
"06.06.2006","13,20","13,20","13,45","13,20","35,93K","-2,58%"
"05.06.2006","13,55","13,55","14,00","13,55","30,33K","-3,56%"
"02.06.2006","14,05","14,05","14,25","14,00","25,95K","0,72%"
"01.06.2006","13,95","13,95","14,20","13,70","100,13K","-0,36%"
"31.05.2006","14,00","14,00","14,30","14,00","50,46K","0,72%"
"30.05.2006","13,90","13,90","14,20","13,90","31,08K","-1,07%"
"26.05.2006","14,05","14,05","14,30","14,00","42,13K","-1,06%"
"25.05.2006","14,20","14,20","14,35","14,05","69,95K","2,53%"
"24.05.2006","13,85","13,85","14,10","13,85","32,08K","-1,42%"
"23.05.2006","14,05","14,05","14,30","14,05","37,08K","2,55%"
"22.05.2006","13,70","13,70","13,71","13,45","79,64K","0,37%"
"19.05.2006","13,65","13,65","13,80","13,55","42,72K","0,00%"
"18.05.2006","13,65","13,65","14,10","13,65","34,52K","-1,44%"
"17.05.2006","13,85","13,85","14,30","13,80","38,38K","-3,48%"
"16.05.2006","14,35","14,35","14,55","14,35","38,23K","0,00%"
"15.05.2006","14,35","14,35","14,65","14,35","26,78K","-3,69%"
"12.05.2006","14,90","14,90","15,36","14,90","102,98K","-3,06%"
"11.05.2006","15,37","15,37","15,70","15,25","251,94K","-1,16%"
"10.05.2006","15,55","15,55","15,73","15,45","48,48K","0,97%"
"09.05.2006","15,40","15,40","15,65","15,40","301,34K","3,70%"
"08.05.2006","14,85","14,85","15,00","14,85","34,45K","0,00%"
"05.05.2006","14,85","14,85","14,90","14,80","55,55K","0,68%"
"04.05.2006","14,75","14,75","14,90","14,70","46,26K","-0,34%"
"03.05.2006","14,80","14,80","15,20","14,80","67,38K","-3,27%"
"02.05.2006","15,30","15,30","15,45","15,20","90,11K","0,33%"
"01.05.2006","15,25","15,25","15,60","15,25","46,19K","-1,29%"
"28.04.2006","15,45","15,45","15,70","15,45","53,11K","-4,04%"
"27.04.2006","16,10","16,10","16,25","16,05","80,52K","-0,31%"
"26.04.2006","16,15","16,15","16,30","15,95","113,79K","0,94%"
"25.04.2006","16,00","16,00","16,10","15,90","63,27K","2,56%"
"24.04.2006","15,60","15,60","15,80","15,60","31,06K","0,00%"
"21.04.2006","15,60","15,60","15,90","15,60","61,29K","0,32%"
"20.04.2006","15,55","15,55","15,75","12,55","79,71K","2,30%"
"19.04.2006","15,20","15,20","15,35","15,20","75,34K","1,00%"
"18.04.2006","15,05","15,05","15,16","14,95","108,04K","-0,33%"
"17.04.2006","15,10","15,10","15,25","15,05","72,41K","1,34%"
"13.04.2006","14,90","14,90","15,10","14,85","108,35K","-1,32%"
"12.04.2006","15,10","15,10","15,25","15,05","58,33K","1,34%"
"11.04.2006","14,90","14,90","15,40","14,90","295,21K","-2,93%"
"10.04.2006","15,35","15,35","15,40","15,25","64,03K","1,66%"
"07.04.2006","15,10","15,10","15,50","15,10","76,94K","-3,51%"
"06.04.2006","15,65","15,65","15,70","15,50","46,94K","-1,57%"
"05.04.2006","15,90","15,90","15,90","15,70","83,46K","0,00%"
"04.04.2006","15,90","15,90","16,00","15,75","48,33K","3,58%"
"03.04.2006","15,35","15,35","15,50","15,30","395,80K","3,37%"
"31.03.2006","14,85","14,85","15,10","14,85","651,66K","-0,67%"
"30.03.2006","14,95","14,95","15,15","14,90","293,28K","2,05%"
"29.03.2006","14,65","14,65","14,71","14,50","1,50M","1,03%"
"28.03.2006","14,50","14,50","14,75","14,50","325,16K","-1,36%"
"27.03.2006","14,70","14,70","14,90","14,65","199,31K","-0,68%"
"24.03.2006","14,80","14,80","14,90","14,60","54,69K","2,42%"
"23.03.2006","14,45","14,45","14,90","14,35","129,88K","-1,70%"
"22.03.2006","14,70","14,70","14,85","14,50","97,21K","5,00%"
"21.03.2006","14,00","14,00","14,30","14,00","69,51K","-1,41%"
"20.03.2006","14,20","14,20","14,38","14,20","69,56K","1,07%"
"17.03.2006","14,05","14,05","14,30","14,05","87,80K","0,36%"
"16.03.2006","14,00","14,00","14,20","14,00","98,62K","0,00%"
"15.03.2006","14,00","14,00","14,15","13,80","106,49K","1,45%"
"14.03.2006","13,80","13,80","13,85","13,55","114,80K","4,15%"
"13.03.2006","13,25","13,25","13,40","13,25","70,24K","0,76%"
"10.03.2006","13,15","13,15","13,25","13,00","111,56K","0,38%"
"09.03.2006","13,10","13,10","13,35","13,10","146,38K","0,38%"
"08.03.2006","13,05","13,05","13,20","12,95","254,32K","-1,88%"
"07.03.2006","13,30","13,30","13,50","13,30","195,68K","-1,12%"
"06.03.2006","13,45","13,45","13,70","13,45","97,29K","1,51%"
"03.03.2006","13,25","13,25","13,35","13,25","78,52K","0,00%"
"02.03.2006","13,25","13,25","13,40","13,15","82,34K","-2,57%"
"01.03.2006","13,60","13,60","14,16","13,60","100,24K","-1,81%"
"28.02.2006","13,85","13,85","14,05","13,80","112,88K","-1,07%"
"27.02.2006","14,00","14,00","14,10","13,95","149,05K","0,72%"
"24.02.2006","13,90","13,90","14,00","13,85","142,79K","0,00%"
"23.02.2006","13,90","13,90","14,15","13,90","97,37K","-0,71%"
"22.02.2006","14,00","14,00","14,00","13,70","233,43K","1,45%"
"21.02.2006","13,80","13,80","14,00","13,70","128,49K","-1,43%"
"17.02.2006","14,00","14,00","14,30","14,00","55,98K","2,56%"
"16.02.2006","13,65","13,65","13,80","13,55","115,58K","0,74%"
"15.02.2006","13,55","13,55","13,75","13,50","91,59K","-1,81%"
"14.02.2006","13,80","13,80","13,80","13,50","125,01K","1,10%"
"13.02.2006","13,65","13,65","13,95","13,65","104,39K","5,00%"
"10.02.2006","13,00","13,00","13,25","12,30","132,71K","8,33%"
"09.02.2006","12,00","12,00","12,13","12,00","82,76K","1,27%"
"08.02.2006","11,85","11,85","11,90","11,70","36,72K","0,00%"
"07.02.2006","11,85","11,85","12,00","11,80","254,98K","0,85%"
"06.02.2006","11,75","11,75","12,05","11,75","200,92K","0,86%"
"03.02.2006","11,65","11,65","11,80","11,65","226,64K","-1,27%"
"02.02.2006","11,80","11,80","12,15","11,80","57,88K","-1,67%"
"01.02.2006","12,00","12,00","12,25","10,40","68,08K","1,27%"
"31.01.2006","11,85","11,85","11,95","11,75","100,65K","0,42%"
"30.01.2006","11,80","11,80","11,95","11,80","43,62K","0,43%"
"27.01.2006","11,75","11,75","12,00","11,70","79,99K","-2,08%"
"26.01.2006","12,00","12,00","12,00","11,85","116,49K","5,26%"
"25.01.2006","11,40","11,40","11,50","11,40","80,66K","1,79%"
"24.01.2006","11,20","11,20","11,35","11,20","79,11K","0,90%"
"23.01.2006","11,10","11,10","11,25","10,95","42,98K","1,37%"
"20.01.2006","10,95","10,95","11,15","10,90","49,56K","-2,67%"
"19.01.2006","11,25","11,25","11,31","11,15","62,41K","2,27%"
"18.01.2006","11,00","11,00","11,15","11,00","74,39K","-2,65%"
"17.01.2006","11,30","11,30","11,35","11,15","60,91K","-1,31%"
"13.01.2006","11,45","11,45","11,50","11,35","110,95K","0,88%"
"12.01.2006","11,35","11,35","11,50","11,35","54,91K","-0,96%"
"11.01.2006","11,46","11,46","11,60","11,25","95,40K","3,24%"
"10.01.2006","11,10","11,10","11,20","11,00","77,46K","0,91%"
"09.01.2006","11,00","11,00","11,10","10,95","90,74K","0,00%"
"06.01.2006","11,00","11,00","11,05","10,90","117,24K","1,38%"
"05.01.2006","10,85","10,85","11,05","10,85","319,17K","-1,36%"
"04.01.2006","11,00","11,00","11,15","11,00","121,17K","-0,90%"
"03.01.2006","11,10","11,10","11,20","10,95","286,96K","6,22%"
"30.12.2005","10,45","10,45","10,65","10,45","44,20K","-2,34%"
"29.12.2005","10,70","10,70","10,75","10,60","169,27K","1,42%"
"28.12.2005","10,55","10,55","10,75","10,45","382,68K","0,00%"
"27.12.2005","10,55","10,55","10,70","10,55","141,03K","1,44%"
"23.12.2005","10,40","10,40","10,50","10,30","138,61K","-0,48%"
"22.12.2005","10,45","10,45","10,55","10,43","50,03K","0,00%"
"21.12.2005","10,45","10,45","10,57","10,45","140,12K","-1,88%"
"20.12.2005","10,65","10,65","10,80","10,65","225,77K","-0,47%"
"19.12.2005","10,70","10,70","10,90","10,68","408,48K","0,00%"
"16.12.2005","10,70","10,70","10,95","10,70","178,09K","-1,83%"
"15.12.2005","10,90","10,90","11,10","10,90","67,54K","-1,36%"
"14.12.2005","11,05","11,05","11,15","11,00","119,66K","-0,90%"
"13.12.2005","11,15","11,15","11,20","11,00","111,48K","0,90%"
"12.12.2005","11,05","11,05","11,15","11,05","40,87K","0,91%"
"09.12.2005","10,95","10,95","11,10","10,95","1,19M","0,00%"
"08.12.2005","10,95","10,95","11,05","10,85","146,58K","0,92%"
"07.12.2005","10,85","10,85","11,00","10,85","2,13M","-1,81%"
"06.12.2005","11,05","11,05","11,05","10,95","85,07K","0,91%"
"05.12.2005","10,95","10,95","11,10","10,85","166,71K","0,46%"
"02.12.2005","10,90","10,90","10,95","10,80","98,60K","0,93%"
"01.12.2005","10,80","10,80","10,80","10,50","60,98K","3,35%"
"30.11.2005","10,45","10,45","10,55","10,32","128,46K","0,00%"
"29.11.2005","10,45","10,45","10,55","10,40","38,09K","0,48%"
"28.11.2005","10,40","10,40","10,50","10,35","113,98K","1,96%"
"25.11.2005","10,20","10,20","10,40","10,20","54,16K","-2,39%"
"23.11.2005","10,45","10,45","10,55","10,30","363,18K","-0,95%"
"22.11.2005","10,55","10,55","10,55","10,22","59,07K","-0,94%"
"21.11.2005","10,65","10,65","10,65","10,40","167,26K","2,40%"
"18.11.2005","10,40","10,40","10,50","10,30","55,73K","-0,48%"
"17.11.2005","10,45","10,45","10,50","10,25","1,17M","1,95%"
"16.11.2005","10,25","10,25","10,45","10,25","96,47K","-1,44%"
"15.11.2005","10,40","10,40","10,60","10,35","495,30K","-0,48%"
"14.11.2005","10,45","10,45","10,70","10,45","28,00K","-1,88%"
"11.11.2005","10,65","10,65","10,75","10,55","77,98K","0,95%"
"10.11.2005","10,55","10,55","10,65","10,45","39,93K","-3,12%"
"09.11.2005","10,89","10,89","10,90","10,75","44,56K","-1,00%"
"08.11.2005","11,00","11,00","11,05","10,00","59,72K","0,00%"
"07.11.2005","11,00","11,00","11,00","10,75","58,67K","3,29%"
"04.11.2005","10,65","10,65","10,90","10,60","405,72K","-0,93%"
"03.11.2005","10,75","10,75","11,05","10,75","140,48K","-1,38%"
"02.11.2005","10,90","10,90","11,00","10,75","200,41K","0,93%"
"01.11.2005","10,80","10,80","10,90","10,75","43,58K","0,00%"
"31.10.2005","10,80","10,80","10,90","10,75","50,13K","0,47%"
"28.10.2005","10,75","10,75","10,85","10,70","66,11K","-0,46%"
"27.10.2005","10,80","10,80","11,20","10,80","168,66K","-3,14%"
"26.10.2005","11,15","11,15","11,30","11,10","136,72K","1,36%"
"25.10.2005","11,00","11,00","11,15","10,95","67,09K","-0,90%"
"24.10.2005","11,10","11,10","11,10","10,90","127,82K","2,78%"
"21.10.2005","10,80","10,80","11,15","10,80","34,06K","-0,92%"
"20.10.2005","10,90","10,90","11,20","10,90","72,56K","-2,24%"
"19.10.2005","11,15","11,15","11,25","11,05","63,39K","-0,45%"
"18.10.2005","11,20","11,20","11,35","11,15","51,91K","-0,88%"
"17.10.2005","11,30","11,30","11,45","11,25","62,48K","-0,88%"
"14.10.2005","11,40","11,40","11,50","11,30","64,07K","0,00%"
"13.10.2005","11,40","11,40","11,45","11,25","65,55K","0,00%"
"12.10.2005","11,40","11,40","11,65","11,35","45,73K","-1,72%"
"11.10.2005","11,60","11,60","11,95","11,60","31,17K","-0,43%"
"10.10.2005","11,65","11,65","11,95","11,65","42,86K","-2,92%"
"07.10.2005","12,00","12,00","12,15","11,95","39,39K","0,42%"
"06.10.2005","11,95","11,95","12,50","11,95","63,99K","-2,05%"
"05.10.2005","12,20","12,20","12,47","12,20","7,69M","-3,56%"
"04.10.2005","12,65","12,65","12,90","12,60","1,18M","4,12%"
"03.10.2005","12,15","12,15","12,25","12,10","241,58K","-1,22%"
"30.09.2005","12,30","12,30","12,30","12,10","169,56K","1,23%"
"29.09.2005","12,15","12,15","12,25","12,00","157,74K","-1,22%"
"28.09.2005","12,30","12,30","12,50","12,25","127,86K","0,41%"
"27.09.2005","12,25","12,25","12,45","12,25","505,83K","0,00%"
"26.09.2005","12,25","12,25","12,45","12,23","741,42K","-0,41%"
"23.09.2005","12,30","12,30","12,55","12,28","601,27K","1,23%"
"22.09.2005","12,15","12,15","12,20","12,05","109,33K","4,29%"
"21.09.2005","11,65","11,65","11,70","11,60","127,54K","3,10%"
"20.09.2005","11,30","11,30","11,50","11,10","90,69K","2,26%"
"19.09.2005","11,05","11,05","11,15","11,00","69,70K","-0,90%"
"16.09.2005","11,15","11,15","11,20","11,06","136,62K","3,72%"
"15.09.2005","10,75","10,75","10,85","10,75","70,99K","-0,46%"
"14.09.2005","10,80","10,80","10,95","10,80","194,70K","0,93%"
"13.09.2005","10,70","10,70","10,90","10,70","91,58K","-2,28%"
"12.09.2005","10,95","10,95","11,20","10,95","84,17K","-1,35%"
"09.09.2005","11,10","11,10","11,29","11,10","77,76K","0,91%"
"08.09.2005","11,00","11,00","11,15","10,95","85,30K","-0,45%"
"07.09.2005","11,05","11,05","11,20","11,05","116,39K","1,38%"
"06.09.2005","10,90","10,90","11,00","10,80","81,25K","2,83%"
"02.09.2005","10,60","10,60","10,60","10,55","62,60K","0,00%"
"01.09.2005","10,60","10,60","10,70","10,55","53,53K","1,44%"
"31.08.2005","10,45","10,45","10,50","10,35","104,31K","2,45%"
"30.08.2005","10,20","10,20","10,35","10,20","75,47K","-1,92%"
"29.08.2005","10,40","10,40","10,55","10,35","157,59K","-0,48%"
"26.08.2005","10,45","10,45","10,60","10,45","70,56K","-1,42%"
"25.08.2005","10,60","10,60","10,70","10,55","83,20K","0,00%"
"24.08.2005","10,60","10,60","10,75","10,60","104,07K","-1,85%"
"23.08.2005","10,80","10,80","10,85","10,75","75,44K","-0,46%"
"22.08.2005","10,85","10,85","10,95","10,80","61,39K","2,84%"
"19.08.2005","10,55","10,55","10,65","10,55","73,52K","1,44%"
"18.08.2005","10,40","10,40","10,50","10,40","90,22K","-1,42%"
"17.08.2005","10,55","10,55","10,70","10,53","190,13K","-0,94%"
"16.08.2005","10,65","10,65","10,85","10,65","92,46K","-2,47%"
"15.08.2005","10,92","10,92","11,00","10,70","102,03K","-1,18%"
"12.08.2005","11,05","11,05","11,05","10,95","95,46K","0,00%"
"11.08.2005","11,05","11,05","11,10","10,95","223,70K","0,91%"
"10.08.2005","10,95","10,95","11,10","10,95","126,75K","0,00%"
"09.08.2005","10,95","10,95","11,05","10,90","131,55K","0,92%"
"08.08.2005","10,85","10,85","10,95","10,85","63,68K","0,46%"
"05.08.2005","10,80","10,80","10,95","10,75","94,56K","-0,46%"
"04.08.2005","10,85","10,85","11,00","10,85","81,43K","0,00%"
"03.08.2005","10,85","10,85","10,95","10,80","76,17K","1,40%"
"02.08.2005","10,70","10,70","10,85","10,70","53,23K","-0,93%"
"01.08.2005","10,80","10,80","10,80","10,69","118,15K","0,00%"
"29.07.2005","10,80","10,80","10,95","10,65","96,66K","2,86%"
"28.07.2005","10,50","10,50","10,60","10,45","571,91K","1,45%"
"27.07.2005","10,35","10,35","10,35","10,25","46,42K","0,78%"
"26.07.2005","10,27","10,27","10,40","10,25","68,60K","0,20%"
"25.07.2005","10,25","10,25","10,45","10,25","88,98K","0,49%"
"22.07.2005","10,20","10,20","10,30","10,15","49,40K","0,00%"
"21.07.2005","10,20","10,20","10,35","8,60","66,87K","1,49%"
"20.07.2005","10,05","10,05","10,15","10,00","58,12K","3,08%"
"19.07.2005","9,75","9,75","9,85","9,75","65,79K","0,00%"
"18.07.2005","9,75","9,75","9,80","9,65","69,14K","-0,51%"
"15.07.2005","9,80","9,80","9,81","9,65","258,57K","1,03%"
"14.07.2005","9,70","9,70","9,80","9,70","29,76K","1,57%"
"13.07.2005","9,55","9,55","9,65","9,50","67,75K","-4,50%"
"12.07.2005","10,00","10,00","10,00","9,85","84,24K","4,17%"
"11.07.2005","9,60","9,60","9,75","9,30","62,19K","3,78%"
"08.07.2005","9,25","9,25","9,40","9,15","163,86K","1,20%"
"07.07.2005","9,14","9,14","9,15","9,05","70,77K","-1,19%"
"06.07.2005","9,25","9,25","9,30","9,20","134,79K","0,00%"
"05.07.2005","9,25","9,25","9,30","9,20","117,79K","0,00%"
"01.07.2005","9,25","9,25","9,35","9,20","182,85K","0,54%"
"30.06.2005","9,20","9,20","9,35","9,10","233,57K","-1,39%"
"29.06.2005","9,33","9,33","9,35","9,22","281,83K","0,32%"
"28.06.2005","9,30","9,30","9,35","9,07","176,72K","0,54%"
"27.06.2005","9,25","9,25","9,25","9,15","136,03K","0,54%"
"24.06.2005","9,20","9,20","9,30","9,15","96,39K","0,55%"
"23.06.2005","9,15","9,15","9,35","9,15","123,02K","-1,61%"
"22.06.2005","9,30","9,30","9,40","9,25","161,01K","0,00%"
"21.06.2005","9,30","9,30","9,30","9,10","134,03K","1,64%"
"20.06.2005","9,15","9,15","9,15","9,00","84,95K","-0,76%"
"17.06.2005","9,22","9,22","9,30","9,15","204,79K","1,88%"
"16.06.2005","9,05","9,05","9,15","9,00","74,34K","1,12%"
"15.06.2005","8,95","8,95","9,05","8,85","117,13K","0,00%"
"14.06.2005","8,95","8,95","9,00","8,85","78,19K","0,00%"
"13.06.2005","8,95","8,95","9,00","8,85","75,42K","0,11%"
"10.06.2005","8,94","8,94","8,95","8,85","71,07K","-0,11%"
"09.06.2005","8,95","8,95","8,95","8,80","120,51K","0,00%"
"08.06.2005","8,95","8,95","9,10","8,95","153,32K","-1,00%"
"07.06.2005","9,04","9,04","9,10","8,95","61,24K","0,56%"
"06.06.2005","8,99","8,99","9,00","8,90","64,66K","1,58%"
"03.06.2005","8,85","8,85","8,95","8,85","72,16K","-1,12%"
"02.06.2005","8,95","8,95","9,05","8,90","65,25K","-0,56%"
"01.06.2005","9,00","9,00","9,05","8,90","130,21K","2,27%"
"31.05.2005","8,80","8,80","8,90","8,80","117,77K","-1,12%"
"27.05.2005","8,90","8,90","8,95","8,85","66,81K","-0,56%"
"26.05.2005","8,95","8,95","9,00","8,85","112,04K","0,00%"
"25.05.2005","8,95","8,95","9,00","8,85","101,41K","0,56%"
"24.05.2005","8,90","8,90","9,00","8,85","123,72K","-0,56%"
"23.05.2005","8,95","8,95","9,05","8,85","87,39K","-0,56%"
"20.05.2005","9,00","9,00","9,05","8,90","83,60K","0,45%"
"19.05.2005","8,96","8,96","9,05","8,90","89,45K","1,82%"
"18.05.2005","8,80","8,80","8,90","8,70","79,26K","1,27%"
"17.05.2005","8,69","8,69","8,75","8,60","81,35K","-0,69%"
"16.05.2005","8,75","8,75","8,75","8,65","92,39K","1,74%"
"13.05.2005","8,60","8,60","8,70","8,55","71,41K","1,18%"
"12.05.2005","8,50","8,50","8,65","8,50","82,91K","0,00%"
"11.05.2005","8,50","8,50","8,60","8,45","80,64K","0,59%"
"10.05.2005","8,45","8,45","8,65","8,45","66,79K","-2,31%"
"09.05.2005","8,65","8,65","8,70","8,55","60,18K","-0,57%"
"06.05.2005","8,70","8,70","8,75","8,55","66,77K","2,35%"
"05.05.2005","8,50","8,50","8,65","8,50","87,40K","-0,58%"
"04.05.2005","8,55","8,55","8,55","8,55","","1,91%"
"03.05.2005","8,39","8,39","8,40","8,30","107,06K","-0,12%"
"02.05.2005","8,40","8,40","8,45","8,30","58,72K","0,60%"
"29.04.2005","8,35","8,35","8,50","8,35","91,86K","1,83%"
"28.04.2005","8,20","8,20","8,40","8,15","201,84K","-2,96%"
"27.04.2005","8,45","8,45","8,45","8,25","129,15K","1,20%"
"26.04.2005","8,35","8,35","8,55","8,35","56,37K","-2,11%"
"25.04.2005","8,53","8,53","8,75","8,50","153,70K","2,16%"
"22.04.2005","8,35","8,35","8,60","8,35","139,18K","-3,47%"
"21.04.2005","8,65","8,65","8,70","8,50","106,49K","1,76%"
"20.04.2005","8,50","8,50","8,55","8,35","215,18K","1,80%"
"19.04.2005","8,35","8,35","8,55","8,35","170,10K","-3,47%"
"18.04.2005","8,65","8,65","8,80","8,65","149,13K","-1,70%"
"15.04.2005","8,80","8,80","9,00","8,80","115,45K","-1,68%"
"14.04.2005","8,95","8,95","9,10","8,95","72,91K","-0,56%"
"13.04.2005","9,00","9,00","9,15","9,00","118,63K","-1,64%"
"12.04.2005","9,15","9,15","9,20","9,05","85,83K","0,00%"
"11.04.2005","9,15","9,15","9,25","9,10","72,93K","-0,54%"
"08.04.2005","9,20","9,20","9,25","9,15","81,82K","0,33%"
"07.04.2005","9,17","9,17","9,25","9,12","270,16K","-0,86%"
"06.04.2005","9,25","9,25","9,35","9,15","145,01K","0,00%"
"05.04.2005","9,25","9,25","9,40","9,25","57,56K","0,00%"
"04.04.2005","9,25","9,25","9,40","9,25","81,90K","-2,12%"
"01.04.2005","9,45","9,45","9,60","9,35","120,41K","-0,53%"
"31.03.2005","9,50","9,50","9,65","9,50","54,38K","-1,04%"
"30.03.2005","9,60","9,60","9,60","9,40","88,25K","3,23%"
"29.03.2005","9,30","9,30","9,45","9,28","111,14K","-2,11%"
"28.03.2005","9,50","9,50","9,55","9,45","138,65K","0,00%"
"24.03.2005","9,50","9,50","9,60","9,45","106,36K","0,21%"
"23.03.2005","9,48","9,48","9,55","9,40","101,19K","1,39%"
"22.03.2005","9,35","9,35","9,55","9,35","149,69K","0,54%"
"21.03.2005","9,30","9,30","9,50","9,25","213,74K","-1,59%"
"18.03.2005","9,45","9,45","9,55","9,40","108,01K","0,53%"
"17.03.2005","9,40","9,40","9,50","9,40","79,13K","-0,74%"
"16.03.2005","9,47","9,47","9,60","9,40","105,83K","-1,35%"
"15.03.2005","9,60","9,60","9,75","9,55","216,56K","-0,31%"
"14.03.2005","9,63","9,63","9,75","9,55","94,35K","-0,72%"
"11.03.2005","9,70","9,70","9,85","9,70","101,59K","-1,02%"
"10.03.2005","9,80","9,80","9,85","9,70","141,75K","1,03%"
"09.03.2005","9,70","9,70","9,85","9,70","680,05K","0,00%"
"08.03.2005","9,70","9,70","9,75","9,60","161,20K","-1,52%"
"07.03.2005","9,85","9,85","9,95","9,80","134,62K","-1,01%"
"04.03.2005","9,95","9,95","9,95","9,80","118,38K","1,53%"
"03.03.2005","9,80","9,80","9,95","9,80","97,75K","-1,51%"
"02.03.2005","9,95","9,95","10,00","9,80","312,87K","-0,80%"
"01.03.2005","10,03","10,03","10,05","9,85","1,31M","1,31%"
"28.02.2005","9,90","9,90","10,00","9,80","2,17M","1,54%"
"25.02.2005","9,75","9,75","9,90","9,75","95,63K","-0,51%"
"24.02.2005","9,80","9,80","9,85","9,65","116,34K","0,00%"
"23.02.2005","9,80","9,80","9,92","9,75","132,36K","-0,51%"
"22.02.2005","9,85","9,85","10,00","9,85","606,75K","-1,01%"
"18.02.2005","9,95","9,95","10,00","9,85","177,54K","-0,50%"
"17.02.2005","10,00","10,00","10,98","9,90","262,72K","0,81%"
"16.02.2005","9,92","9,92","9,95","9,75","134,32K","-0,30%"
"15.02.2005","9,95","9,95","10,05","9,90","92,34K","-0,50%"
"14.02.2005","10,00","10,00","10,05","9,85","116,20K","4,17%"
"11.02.2005","9,60","9,60","9,65","9,55","129,22K","0,52%"
"10.02.2005","9,55","9,55","9,60","9,40","158,38K","0,00%"
"09.02.2005","9,55","9,55","9,59","9,46","155,47K","-0,42%"
"08.02.2005","9,59","9,59","9,59","9,47","124,46K","0,95%"
"07.02.2005","9,50","9,50","9,60","9,50","92,88K","0,00%"
"04.02.2005","9,50","9,50","9,55","6,55","117,57K","-0,52%"
"03.02.2005","9,55","9,55","9,55","9,40","211,21K","-1,55%"
"02.02.2005","9,70","9,70","9,70","9,61","121,05K","-1,52%"
"01.02.2005","9,85","9,85","9,85","9,65","135,55K","2,07%"
"31.01.2005","9,65","9,65","9,70","9,40","161,86K","2,12%"
"28.01.2005","9,45","9,45","9,45","9,30","123,31K","0,53%"
"27.01.2005","9,40","9,40","9,40","9,30","158,77K","-0,95%"
"26.01.2005","9,49","9,49","9,50","9,45","56,73K","1,17%"
"25.01.2005","9,38","9,38","9,42","9,35","97,35K","0,54%"
"24.01.2005","9,33","9,33","9,35","9,20","214,27K","-0,21%"
"21.01.2005","9,35","9,35","9,40","9,25","82,47K","0,00%"
"20.01.2005","9,35","9,35","9,43","9,25","125,12K","0,00%"
"19.01.2005","9,35","9,35","9,45","9,30","92,61K","-0,53%"
"18.01.2005","9,40","9,40","9,45","9,25","143,30K","0,53%"
"14.01.2005","9,35","9,35","9,40","9,25","77,56K","0,00%"
"13.01.2005","9,35","9,35","9,40","9,25","110,88K","-1,58%"
"12.01.2005","9,50","9,50","9,50","9,38","160,47K","1,06%"
"11.01.2005","9,40","9,40","9,50","9,35","1,81M","-0,53%"
"10.01.2005","9,45","9,45","9,50","9,40","91,30K","0,00%"
"07.01.2005","9,45","9,45","9,60","9,35","193,03K","0,00%"
"06.01.2005","9,45","9,45","9,50","9,40","196,36K","1,61%"
"05.01.2005","9,30","9,30","9,40","9,20","284,98K","0,54%"
"04.01.2005","9,25","9,25","9,40","9,25","355,62K","1,65%"
"03.01.2005","9,10","9,10","9,20","9,05","64,07K","0,55%"
"31.12.2004","9,05","9,05","9,20","8,95","89,69K","0,00%"
"30.12.2004","9,05","9,05","9,05","8,95","168,27K","0,56%"
"29.12.2004","9,00","9,00","9,05","8,95","134,58K","-0,55%"
"28.12.2004","9,05","9,05","9,15","9,05","113,89K","-1,09%"
"27.12.2004","9,15","9,15","9,20","9,10","176,87K","1,10%"
"23.12.2004","9,05","9,05","9,15","9,05","180,61K","0,56%"
"22.12.2004","9,00","9,00","9,15","9,00","212,37K","1,12%"
"21.12.2004","8,90","8,90","8,95","8,85","150,63K","1,14%"
"20.12.2004","8,80","8,80","9,00","8,80","167,99K","-1,12%"
"17.12.2004","8,90","8,90","9,05","8,85","200,09K","-0,56%"
"16.12.2004","8,95","8,95","9,05","8,95","190,72K","-1,10%"
"15.12.2004","9,05","9,05","9,10","9,00","89,99K","1,12%"
"14.12.2004","8,95","8,95","9,10","8,90","188,16K","-1,10%"
"13.12.2004","9,05","9,05","9,10","8,95","145,74K","1,69%"
"10.12.2004","8,90","8,90","8,95","8,85","396,78K","-1,66%"
"09.12.2004","9,05","9,05","9,10","9,00","191,92K","-1,09%"
"08.12.2004","9,15","9,15","9,20","9,00","67,31K","1,10%"
"07.12.2004","9,05","9,05","9,18","9,05","136,90K","-1,09%"
"06.12.2004","9,15","9,15","9,15","9,05","131,16K","0,00%"
"03.12.2004","9,15","9,15","9,20","9,10","75,75K","1,10%"
"02.12.2004","9,05","9,05","9,20","9,05","133,69K","-0,55%"
"01.12.2004","9,10","9,10","9,10","9,00","77,45K","0,89%"
"30.11.2004","9,02","9,02","9,16","9,00","235,42K","-0,33%"
"29.11.2004","9,05","9,05","9,20","9,05","99,47K","0,00%"
"26.11.2004","9,05","9,05","9,15","9,00","50,47K","1,69%"
"24.11.2004","8,90","8,90","9,03","8,85","204,52K","0,11%"
"23.11.2004","8,89","8,89","9,05","8,85","111,84K","-1,22%"
"22.11.2004","9,00","9,00","9,05","8,90","162,61K","-0,55%"
"19.11.2004","9,05","9,05","9,15","9,00","143,31K","-0,55%"
"18.11.2004","9,10","9,10","9,15","9,00","122,60K","0,55%"
"17.11.2004","9,05","9,05","9,15","9,00","220,89K","0,33%"
"16.11.2004","9,02","9,02","9,10","9,00","93,90K","-1,96%"
"15.11.2004","9,20","9,20","9,20","9,10","87,29K","-0,54%"
"12.11.2004","9,25","9,25","9,30","9,15","59,68K","0,00%"
"11.11.2004","9,25","9,25","9,30","9,10","69,53K","0,54%"
"10.11.2004","9,20","9,20","9,20","9,10","91,19K","1,10%"
"09.11.2004","9,10","9,10","9,20","9,05","176,39K","-1,09%"
"08.11.2004","9,20","9,20","9,20","9,00","95,15K","0,00%"
"05.11.2004","9,20","9,20","9,20","9,00","79,36K","2,22%"
"04.11.2004","9,00","9,00","9,10","8,80","92,12K","0,00%"
"03.11.2004","9,00","9,00","9,05","8,90","99,57K","-1,10%"
"02.11.2004","9,10","9,10","9,20","9,10","89,35K","0,55%"
"01.11.2004","9,05","9,05","9,05","8,85","48,61K","2,26%"
"29.10.2004","8,85","8,85","8,95","8,80","94,63K","0,57%"
"28.10.2004","8,80","8,80","9,00","8,80","80,65K","0,57%"
"27.10.2004","8,75","8,75","8,85","8,65","105,89K","1,16%"
"26.10.2004","8,65","8,65","8,80","8,65","229,99K","0,00%"
"25.10.2004","8,65","8,65","8,70","6,75","61,44K","0,58%"
"22.10.2004","8,60","8,60","8,72","8,50","96,93K","-1,71%"
"21.10.2004","8,75","8,75","8,90","8,25","102,70K","-1,69%"
"20.10.2004","8,90","8,90","8,95","8,80","58,42K","0,00%"
"19.10.2004","8,90","8,90","8,97","8,60","79,77K","2,30%"
"18.10.2004","8,70","8,70","8,75","8,60","59,31K","1,75%"
"15.10.2004","8,55","8,55","8,65","8,50","88,96K","1,18%"
"14.10.2004","8,45","8,45","8,60","8,40","175,72K","0,60%"
"13.10.2004","8,40","8,40","8,45","8,35","81,52K","1,82%"
"12.10.2004","8,25","8,25","8,30","8,20","70,06K","-1,20%"
"11.10.2004","8,35","8,35","8,42","8,29","183,95K","-1,42%"
"08.10.2004","8,47","8,47","8,53","8,40","145,24K","0,24%"
"07.10.2004","8,45","8,45","8,55","8,40","683,49K","-1,74%"
"06.10.2004","8,60","8,60","8,60","8,00","202,96K","9,55%"
"05.10.2004","7,85","7,85","7,90","7,85","74,37K","0,00%"
"04.10.2004","7,85","7,85","7,90","7,80","93,93K","1,68%"
"01.10.2004","7,72","7,72","7,83","7,70","272,46K","-1,03%"
"30.09.2004","7,80","7,80","7,90","7,70","69,20K","-0,64%"
"29.09.2004","7,85","7,85","7,85","7,65","88,00K","1,29%"
"28.09.2004","7,75","7,75","7,80","7,60","97,54K","1,31%"
"27.09.2004","7,65","7,65","7,85","7,60","246,71K","-1,80%"
"24.09.2004","7,79","7,79","7,90","7,65","118,48K","-0,76%"
"23.09.2004","7,85","7,85","7,95","7,75","487,24K","0,00%"
"22.09.2004","7,85","7,85","8,00","7,73","524,76K","-1,88%"
"21.09.2004","8,00","8,00","8,10","7,90","112,27K","2,56%"
"20.09.2004","7,80","7,80","8,00","7,80","59,43K","-2,50%"
"17.09.2004","8,00","8,00","8,05","7,90","91,46K","0,63%"
"16.09.2004","7,95","7,95","8,05","7,85","90,85K","0,00%"
"15.09.2004","7,95","7,95","8,15","7,85","61,65K","-4,22%"
"14.09.2004","8,30","8,30","8,35","8,15","92,19K","1,22%"
"13.09.2004","8,20","8,20","8,35","8,15","80,49K","1,86%"
"10.09.2004","8,05","8,05","8,20","7,99","420,39K","1,26%"
"09.09.2004","7,95","7,95","8,00","7,70","132,72K","3,25%"
"08.09.2004","7,70","7,70","7,90","7,70","115,97K","-1,91%"
"07.09.2004","7,85","7,85","7,95","7,80","55,58K","0,64%"
"03.09.2004","7,80","7,80","7,90","7,70","105,89K","0,65%"
"02.09.2004","7,75","7,75","7,90","7,65","45,49K","1,31%"
"01.09.2004","7,65","7,65","7,85","7,65","118,71K","-1,92%"
"31.08.2004","7,80","7,80","7,80","7,65","66,80K","1,30%"
"30.08.2004","7,70","7,70","7,80","7,60","101,50K","-1,28%"
"27.08.2004","7,80","7,80","8,85","7,80","45,47K","-0,64%"
"26.08.2004","7,85","7,85","7,90","7,80","53,96K","-0,63%"
"25.08.2004","7,90","7,90","7,95","7,75","74,88K","1,28%"
"24.08.2004","7,80","7,80","7,95","7,80","116,77K","0,00%"
"23.08.2004","7,80","7,80","8,00","7,75","166,03K","1,96%"
"20.08.2004","7,65","7,65","7,75","7,35","52,55K","0,00%"
"19.08.2004","7,65","7,65","7,80","7,60","68,26K","-0,65%"
"18.08.2004","7,70","7,70","7,80","7,60","48,53K","-0,90%"
"17.08.2004","7,77","7,77","7,90","7,60","97,62K","1,57%"
"16.08.2004","7,65","7,65","7,85","7,60","50,95K","0,66%"
"13.08.2004","7,60","7,60","7,75","7,55","109,39K","-1,30%"
"12.08.2004","7,70","7,70","7,70","7,50","124,70K","0,65%"
"11.08.2004","7,65","7,65","7,70","7,50","117,37K","-1,29%"
"09.08.2004","7,75","7,75","7,95","7,70","63,78K","-1,27%"
"06.08.2004","7,85","7,85","8,05","7,85","104,29K","-1,26%"
"05.08.2004","7,95","7,95","8,10","7,95","90,06K","-3,05%"
"04.08.2004","8,20","8,20","8,25","8,00","133,82K","0,61%"
"03.08.2004","8,15","8,15","8,40","8,13","518,30K","-0,61%"
"02.08.2004","8,20","8,20","8,30","8,10","45,21K","1,86%"
"30.07.2004","8,05","8,05","8,25","8,05","101,83K","-1,23%"
"29.07.2004","8,15","8,15","8,30","8,05","124,96K","0,62%"
"28.07.2004","8,10","8,10","8,20","8,00","117,43K","0,25%"
"27.07.2004","8,08","8,08","8,20","7,95","57,06K","0,37%"
"26.07.2004","8,05","8,05","8,15","7,95","208,97K","0,00%"
"23.07.2004","8,05","8,05","8,15","8,00","140,53K","1,26%"
"22.07.2004","7,95","7,95","8,10","7,95","40,56K","-1,85%"
"21.07.2004","8,10","8,10","8,31","8,00","133,77K","0,62%"
"20.07.2004","8,05","8,05","8,20","7,98","322,35K","0,00%"
"19.07.2004","8,05","8,05","8,15","8,00","57,79K","1,26%"
"16.07.2004","7,95","7,95","8,10","7,95","76,32K","-0,87%"
"15.07.2004","8,02","8,02","8,10","7,95","65,93K","-1,60%"
"14.07.2004","8,15","8,15","8,20","8,00","52,07K","-0,73%"
"13.07.2004","8,21","8,21","8,25","8,11","90,42K","-0,48%"
"12.07.2004","8,25","8,25","8,25","8,10","130,94K","-0,36%"
"09.07.2004","8,28","8,28","8,35","8,15","91,16K","-0,12%"
"08.07.2004","8,29","8,29","8,40","8,20","90,95K","1,10%"
"07.07.2004","8,20","8,20","8,36","8,20","186,38K","-1,80%"
"06.07.2004","8,35","8,35","8,40","8,20","150,69K","0,36%"
"02.07.2004","8,32","8,32","8,45","8,22","173,34K","-0,36%"
"01.07.2004","8,35","8,35","8,57","8,35","101,26K","-2,34%"
"30.06.2004","8,55","8,55","8,55","8,35","132,73K","1,79%"
"29.06.2004","8,40","8,40","8,49","8,35","76,88K","-0,59%"
"28.06.2004","8,45","8,45","8,55","8,35","119,17K","0,60%"
"25.06.2004","8,40","8,40","8,40","8,20","102,16K","2,44%"
"24.06.2004","8,20","8,20","8,40","8,20","204,71K","0,00%"
"23.06.2004","8,20","8,20","8,28","8,05","78,00K","-0,61%"
"22.06.2004","8,25","8,25","8,40","8,15","89,35K","-1,20%"
"21.06.2004","8,35","8,35","8,40","8,20","56,39K","1,83%"
"18.06.2004","8,20","8,20","8,40","8,19","72,57K","-2,38%"
"17.06.2004","8,40","8,40","8,45","8,30","82,28K","0,00%"
"16.06.2004","8,40","8,40","8,55","8,35","50,18K","-1,18%"
"15.06.2004","8,50","8,50","8,65","8,35","77,37K","2,41%"
"14.06.2004","8,30","8,30","8,60","8,29","93,87K","-4,60%"
"10.06.2004","8,70","8,70","8,75","8,50","79,86K","1,75%"
"09.06.2004","8,55","8,55","8,75","8,50","53,84K","-3,50%"
"08.06.2004","8,86","8,86","12,00","8,70","94,60K","-1,01%"
"07.06.2004","8,95","8,95","9,03","8,80","58,26K","1,24%"
"04.06.2004","8,84","8,84","8,95","8,70","65,25K","0,45%"
"03.06.2004","8,80","8,80","8,80","8,55","93,89K","0,34%"
"02.06.2004","8,77","8,77","8,80","8,65","75,17K","0,80%"
"01.06.2004","8,70","8,70","8,70","8,50","49,30K","0,00%"
"28.05.2004","8,70","8,70","8,80","8,60","67,81K","0,58%"
"27.05.2004","8,65","8,65","8,85","8,65","64,77K","0,82%"
"26.05.2004","8,58","8,58","8,70","8,55","133,64K","-0,23%"
"25.05.2004","8,60","8,60","8,75","8,35","91,39K","0,00%"
"24.05.2004","8,60","8,60","8,60","8,35","123,66K","2,38%"
"21.05.2004","8,40","8,40","8,50","8,35","50,71K","1,82%"
"20.05.2004","8,25","8,25","8,40","8,25","108,96K","-3,51%"
"19.05.2004","8,55","8,55","8,80","8,55","78,32K","1,18%"
"18.05.2004","8,45","8,45","8,50","8,25","94,67K","0,00%"
"17.05.2004","8,45","8,45","8,50","8,30","70,74K","1,08%"
"14.05.2004","8,36","8,36","8,50","8,35","84,77K","-1,65%"
"13.05.2004","8,50","8,50","8,55","8,35","99,85K","0,59%"
"12.05.2004","8,45","8,45","8,55","8,30","59,46K","-0,59%"
"11.05.2004","8,50","8,50","8,50","8,33","99,72K","2,41%"
"10.05.2004","8,30","8,30","8,45","8,20","161,36K","-2,47%"
"07.05.2004","8,51","8,51","8,75","8,50","77,53K","-3,84%"
"06.05.2004","8,85","8,85","8,95","8,70","76,51K","-2,75%"
"05.05.2004","9,10","9,10","9,15","8,95","56,06K","1,11%"
"04.05.2004","9,00","9,00","9,15","8,95","64,51K","0,56%"
"03.05.2004","8,95","8,95","9,10","8,85","111,71K","0,79%"
"30.04.2004","8,88","8,88","12,45","8,70","118,30K","2,07%"
"29.04.2004","8,70","8,70","8,90","8,70","54,17K","-1,69%"
"28.04.2004","8,85","8,85","9,00","8,80","123,62K","-2,10%"
"27.04.2004","9,04","9,04","9,20","8,95","72,33K","-1,74%"
"26.04.2004","9,20","9,20","9,35","9,05","61,08K","0,00%"
"23.04.2004","9,20","9,20","9,30","9,00","190,86K","1,10%"
"22.04.2004","9,10","9,10","9,20","8,80","64,73K","1,90%"
"21.04.2004","8,93","8,93","9,00","8,70","55,23K","2,64%"
"20.04.2004","8,70","8,70","9,00","8,70","65,51K","-4,92%"
"19.04.2004","9,15","9,15","9,70","9,00","278,79K","-0,54%"
"16.04.2004","9,20","9,20","9,20","8,95","82,20K","2,79%"
"15.04.2004","8,95","8,95","9,00","8,80","78,64K","1,70%"
"14.04.2004","8,80","8,80","8,95","8,75","469,66K","-2,22%"
"13.04.2004","9,00","9,00","9,05","8,85","44,09K","2,27%"
"12.04.2004","8,80","8,80","9,00","8,80","41,42K","-1,68%"
"08.04.2004","8,95","8,95","9,00","8,80","81,04K","1,70%"
"07.04.2004","8,80","8,80","8,90","8,70","132,24K","0,00%"
"06.04.2004","8,80","8,80","8,80","8,65","87,91K","-1,12%"
"05.04.2004","8,90","8,90","8,90","8,75","314,73K","0,00%"
"02.04.2004","8,90","8,90","9,00","8,80","194,02K","-0,56%"
"01.04.2004","8,95","8,95","9,05","8,75","175,37K","2,29%"
"31.03.2004","8,75","8,75","8,90","8,75","82,70K","-1,13%"
"30.03.2004","8,85","8,85","8,90","8,60","53,49K","0,57%"
"29.03.2004","8,80","8,80","8,85","8,65","85,58K","4,14%"
"26.03.2004","8,45","8,45","8,60","8,40","130,62K","-1,17%"
"25.03.2004","8,55","8,55","8,60","8,37","319,33K","0,59%"
"24.03.2004","8,50","8,50","8,55","8,30","105,48K","0,00%"
"23.03.2004","8,50","8,50","8,70","8,50","251,95K","0,00%"
"22.03.2004","8,50","8,50","8,65","8,50","92,39K","-3,95%"
"19.03.2004","8,85","8,85","9,00","8,80","130,39K","-1,67%"
"18.03.2004","9,00","9,00","9,05","8,85","90,32K","0,56%"
"17.03.2004","8,95","8,95","9,05","8,85","208,22K","4,07%"
"16.03.2004","8,60","8,60","8,95","8,55","556,00K","-0,58%"
"15.03.2004","8,65","8,65","9,05","8,65","290,00K","-4,42%"
"12.03.2004","9,05","9,05","9,15","8,75","486,39K","-1,09%"
"11.03.2004","9,15","9,15","9,15","8,86","594,91K","1,10%"
"10.03.2004","9,05","9,05","9,40","9,00","442,78K","-3,72%"
"09.03.2004","9,40","9,40","9,60","9,40","102,23K","-3,09%"
"08.03.2004","9,70","9,70","9,85","9,65","100,65K","-1,02%"
"05.03.2004","9,80","9,80","10,00","9,55","418,91K","1,55%"
"04.03.2004","9,65","9,65","9,95","9,45","910,57K","-0,52%"
"03.03.2004","9,70","9,70","9,70","9,45","283,46K","0,00%"
"02.03.2004","9,70","9,70","9,90","9,60","289,99K","2,11%"
"01.03.2004","9,50","9,50","9,70","9,45","243,08K","0,00%"
"27.02.2004","9,50","9,50","9,70","9,00","133,14K","-0,52%"
"26.02.2004","9,55","9,55","9,55","9,25","751,52K","1,60%"
"25.02.2004","9,40","9,40","9,58","9,35","922,74K","-2,08%"
"24.02.2004","9,60","9,60","9,70","9,50","700,39K","-1,54%"
"23.02.2004","9,75","9,75","10,04","9,65","394,05K","-0,51%"
"20.02.2004","9,80","9,80","10,05","9,75","64,34K","-2,49%"
"19.02.2004","10,05","10,05","10,15","9,95","117,78K","0,00%"
"18.02.2004","10,05","10,05","14,75","9,93","537,85K","1,01%"
"17.02.2004","9,95","9,95","10,20","9,92","674,38K","-2,45%"
"13.02.2004","10,20","10,20","10,35","10,05","93,33K","2,00%"
"12.02.2004","10,00","10,00","10,20","9,95","554,27K","-0,50%"
"11.02.2004","10,05","10,05","10,05","9,80","113,16K","2,55%"
"10.02.2004","9,80","9,80","9,90","9,75","104,13K","-1,51%"
"09.02.2004","9,95","9,95","10,05","9,90","104,19K","-0,50%"
"06.02.2004","10,00","10,00","10,10","9,81","92,81K","1,52%"
"05.02.2004","9,85","9,85","9,95","9,00","164,70K","0,51%"
"04.02.2004","9,80","9,80","9,95","9,65","96,55K","-1,01%"
"03.02.2004","9,90","9,90","9,95","9,75","96,70K","-2,94%"
"02.02.2004","10,20","10,20","10,20","10,00","78,46K","3,03%"
"30.01.2004","9,90","9,90","10,20","9,90","89,32K","-1,49%"
"29.01.2004","10,05","10,05","10,20","10,00","194,54K","-2,43%"
"28.01.2004","10,30","10,30","10,50","10,30","98,88K","-0,96%"
"27.01.2004","10,40","10,40","10,50","10,35","108,35K","0,00%"
"26.01.2004","10,40","10,40","10,45","10,35","72,73K","-0,48%"
"23.01.2004","10,45","10,45","10,65","10,35","95,48K","-1,79%"
"22.01.2004","10,64","10,64","10,70","10,50","119,29K","1,33%"
"21.01.2004","10,50","10,50","10,60","10,35","108,02K","0,00%"
"20.01.2004","10,50","10,50","10,60","10,40","86,26K","-3,23%"
"16.01.2004","10,85","10,85","10,90","10,60","476,77K","0,84%"
"15.01.2004","10,76","10,76","10,85","10,55","889,79K","-0,83%"
"14.01.2004","10,85","10,85","10,88","10,50","110,88K","2,84%"
"13.01.2004","10,55","10,55","10,65","10,40","90,37K","0,00%"
"12.01.2004","10,55","10,55","10,85","10,30","124,62K","-0,47%"
"09.01.2004","10,60","10,60","10,65","10,40","64,93K","-0,93%"
"08.01.2004","10,70","10,70","10,85","10,55","402,65K","-0,47%"
"07.01.2004","10,75","10,75","10,75","10,50","100,55K","0,00%"
"06.01.2004","10,75","10,75","10,95","10,70","97,36K","-5,29%"
"05.01.2004","11,35","11,35","11,50","11,15","127,52K","0,89%"
"02.01.2004","11,25","11,25","11,40","11,15","75,54K","0,90%"
"31.12.2003","11,15","11,15","11,30","11,10","65,68K","0,00%"
"30.12.2003","11,15","11,15","11,20","11,00","70,39K","0,45%"
"29.12.2003","11,10","11,10","11,10","10,90","150,18K","2,30%"
"26.12.2003","10,85","10,85","10,95","10,75","31,45K","0,46%"
"24.12.2003","10,80","10,80","10,90","10,75","71,06K","0,00%"
"23.12.2003","10,80","10,80","10,95","10,75","148,97K","-1,37%"
"22.12.2003","10,95","10,95","10,95","10,70","456,56K","-1,35%"
"19.12.2003","11,10","11,10","11,15","10,87","171,69K","0,00%"
"18.12.2003","11,10","11,10","11,10","10,90","279,15K","1,37%"
"17.12.2003","10,95","10,95","11,00","10,75","192,27K","0,46%"
"16.12.2003","10,90","10,90","10,95","10,75","81,13K","2,35%"
"15.12.2003","10,65","10,65","10,90","10,65","66,70K","-1,39%"
"12.12.2003","10,80","10,80","10,90","10,60","116,61K","1,89%"
"11.12.2003","10,60","10,60","10,70","10,45","99,54K","1,92%"
"10.12.2003","10,40","10,40","10,50","10,25","87,30K","0,48%"
"09.12.2003","10,35","10,35","10,60","10,35","157,62K","-1,43%"
"08.12.2003","10,50","10,50","10,50","10,35","113,53K","0,00%"
"05.12.2003","10,50","10,50","10,55","10,35","120,75K","-0,94%"
"04.12.2003","10,60","10,60","10,70","10,50","88,96K","1,92%"
"03.12.2003","10,40","10,40","10,55","10,22","121,03K","2,97%"
"02.12.2003","10,10","10,10","10,20","10,05","75,93K","0,50%"
"01.12.2003","10,05","10,05","10,15","9,95","90,51K","1,52%"
"28.11.2003","9,90","9,90","10,05","8,00","34,22K","-2,46%"
"26.11.2003","10,15","10,15","10,30","10,10","68,78K","-0,98%"
"25.11.2003","10,25","10,25","10,30","10,20","64,53K","1,99%"
"24.11.2003","10,05","10,05","10,15","10,00","53,25K","1,52%"
"21.11.2003","9,90","9,90","10,05","9,85","61,95K","-1,00%"
"20.11.2003","10,00","10,00","10,10","9,80","120,37K","-2,44%"
"19.11.2003","10,25","10,25","10,25","10,05","76,89K","-0,97%"
"18.11.2003","10,35","10,35","10,45","10,20","133,34K","0,00%"
"17.11.2003","10,35","10,35","10,45","10,20","64,61K","-2,36%"
"14.11.2003","10,60","10,60","10,71","10,45","82,22K","0,47%"
"13.11.2003","10,55","10,55","10,70","10,50","52,20K","-0,94%"
"12.11.2003","10,65","10,65","10,70","10,40","45,32K","3,90%"
"11.11.2003","10,25","10,25","10,35","10,10","88,01K","0,00%"
"10.11.2003","10,25","10,25","10,40","10,25","105,43K","0,00%"
"07.11.2003","10,25","10,25","10,45","10,20","94,50K","-0,97%"
"06.11.2003","10,35","10,35","10,35","10,15","63,26K","0,49%"
"05.11.2003","10,30","10,30","10,30","10,00","196,79K","0,00%"
"04.11.2003","10,30","10,30","10,35","10,15","111,54K","0,00%"
"03.11.2003","10,30","10,30","10,40","10,00","34,57K","3,00%"
"31.10.2003","10,00","10,00","10,15","10,00","38,30K","0,50%"
"30.10.2003","9,95","9,95","10,15","9,95","60,60K","-1,49%"
"29.10.2003","10,10","10,10","10,15","9,85","101,30K","-2,88%"
"28.10.2003","10,40","10,40","10,40","10,15","47,80K","2,46%"
"27.10.2003","10,15","10,15","10,20","10,05","69,50K","1,00%"
"24.10.2003","10,05","10,05","10,15","9,80","118,20K","-0,99%"
"23.10.2003","10,15","10,15","11,10","9,95","175,40K","-0,98%"
"22.10.2003","10,25","10,25","10,30","10,05","97,10K","-0,49%"
"21.10.2003","10,30","10,30","10,30","10,00","48,60K","0,00%"
"20.10.2003","10,30","10,30","10,38","10,00","73,10K","1,98%"
"17.10.2003","10,10","10,10","10,20","10,00","40,40K","-0,49%"
"16.10.2003","10,15","10,15","10,15","10,15","","0,00%"
"15.10.2003","10,15","10,15","10,15","10,15","","0,50%"
"14.10.2003","10,10","10,10","10,10","10,10","","1,00%"
"13.10.2003","10,00","10,00","10,00","10,00","","1,01%"
"10.10.2003","9,90","9,90","9,90","9,90","","1,54%"
"09.10.2003","9,75","9,75","9,75","9,75","","3,72%"
"08.10.2003","9,40","9,40","9,40","9,40","","-1,57%"
"07.10.2003","9,55","9,55","9,55","9,55","","0,00%"
"06.10.2003","9,55","9,55","9,55","9,55","","1,06%"
"03.10.2003","9,45","9,45","9,45","9,45","","3,85%"
"02.10.2003","9,10","9,10","9,10","9,10","","-2,67%"
"01.10.2003","9,35","9,35","9,35","9,35","","3,31%"
"30.09.2003","9,05","9,05","9,05","9,05","","0,00%"
"29.09.2003","9,05","9,05","9,05","9,05","","0,00%"
"26.09.2003","9,05","9,05","9,05","9,05","","-2,16%"
"25.09.2003","9,25","9,25","9,25","9,25","","2,78%"
"24.09.2003","9,00","9,00","9,00","9,00","","-4,26%"
"23.09.2003","9,40","9,40","9,40","9,40","","-2,59%"
"22.09.2003","9,65","9,65","9,65","9,65","","-3,50%"
"19.09.2003","10,00","10,00","10,00","10,00","","-0,99%"
"18.09.2003","10,10","10,10","10,10","10,10","","2,02%"
"17.09.2003","9,90","9,90","9,90","9,90","","0,51%"
"16.09.2003","9,85","9,85","9,85","9,85","","1,03%"
"15.09.2003","9,75","9,75","9,75","9,75","","-0,51%"
"12.09.2003","9,80","9,80","9,80","9,80","","-0,51%"
"11.09.2003","9,85","9,85","9,85","9,85","","3,68%"
"10.09.2003","9,50","9,50","9,50","9,50","","-3,06%"
"09.09.2003","9,80","9,80","9,80","9,80","","-2,49%"
"08.09.2003","10,05","10,05","10,05","10,05","","-1,47%"
"05.09.2003","10,20","10,20","10,20","10,20","","1,49%"
"04.09.2003","10,05","10,05","10,05","10,05","","2,03%"
"03.09.2003","9,85","9,85","9,85","9,85","","0,00%"
"02.09.2003","9,85","9,85","9,85","9,85","","1,03%"
"29.08.2003","9,75","9,75","9,75","9,75","","0,52%"
"28.08.2003","9,70","9,70","9,70","9,70","","2,11%"
"27.08.2003","9,50","9,50","9,50","9,50","","0,00%"
"26.08.2003","9,50","9,50","9,50","9,50","","-1,04%"
"25.08.2003","9,60","9,60","9,60","9,60","","-2,54%"
"22.08.2003","9,85","9,85","9,85","9,85","","0,51%"
"21.08.2003","9,80","9,80","9,80","9,80","","2,08%"
"20.08.2003","9,60","9,60","9,60","9,60","","0,52%"
"19.08.2003","9,55","9,55","9,55","9,55","","0,00%"
"18.08.2003","9,55","9,55","9,55","9,55","","-0,52%"
"15.08.2003","9,60","9,60","9,60","9,60","","4,92%"
"14.08.2003","9,15","9,15","9,15","9,15","","2,23%"
"13.08.2003","8,95","8,95","8,95","8,95","","1,70%"
"12.08.2003","8,80","8,80","8,80","8,80","","2,33%"
"11.08.2003","8,60","8,60","8,60","8,60","","-0,58%"
"08.08.2003","8,65","8,65","8,65","8,65","","0,58%"
"07.08.2003","8,60","8,60","8,60","8,60","","-0,58%"
"06.08.2003","8,65","8,65","8,65","8,65","","0,00%"
"05.08.2003","8,65","8,65","8,65","8,65","","-1,14%"
"04.08.2003","8,75","8,75","8,75","8,75","","1,74%"
"01.08.2003","8,60","8,60","8,60","8,60","","1,18%"
"31.07.2003","8,50","8,50","8,50","8,50","","-1,16%"
"30.07.2003","8,60","8,60","8,60","8,60","","1,78%"
"29.07.2003","8,45","8,45","8,45","8,45","","-0,59%"
"28.07.2003","8,50","8,50","8,50","8,50","","1,19%"
"25.07.2003","8,40","8,40","8,40","8,40","","1,20%"
"24.07.2003","8,30","8,30","8,30","8,30","","1,84%"
"23.07.2003","8,15","8,15","8,15","8,15","","1,87%"
"22.07.2003","8,00","8,00","8,00","8,00","","1,27%"
"21.07.2003","7,90","7,90","7,90","7,90","","-3,66%"
"18.07.2003","8,20","8,20","8,20","8,20","","2,50%"
"17.07.2003","8,00","8,00","8,00","8,00","","-4,76%"
"16.07.2003","8,40","8,40","8,40","8,40","","1,20%"
"15.07.2003","8,30","8,30","8,30","8,30","","-3,49%"
"14.07.2003","8,60","8,60","8,60","8,60","","1,18%"
"11.07.2003","8,50","8,50","8,50","8,50","","2,41%"
"10.07.2003","8,30","8,30","8,30","8,30","","-0,60%"
"09.07.2003","8,35","8,35","8,35","8,35","","-2,91%"
"08.07.2003","8,60","8,60","8,60","8,60","","0,58%"
"07.07.2003","8,55","8,55","8,55","8,55","","-1,72%"
"03.07.2003","8,70","8,70","8,70","8,70","","0,58%"
"02.07.2003","8,65","8,65","8,65","8,65","","1,76%"
"01.07.2003","8,50","8,50","8,50","8,50","","-0,58%"
"30.06.2003","8,55","8,55","8,55","8,55","","3,64%"
"27.06.2003","8,25","8,25","8,25","8,25","","2,48%"
"26.06.2003","8,05","8,05","8,05","8,05","","-0,62%"
"25.06.2003","8,10","8,10","8,10","8,10","","-0,61%"
"24.06.2003","8,15","8,15","8,15","8,15","","1,24%"
"23.06.2003","8,05","8,05","8,05","8,05","","-3,59%"
"20.06.2003","8,35","8,35","8,35","8,35","","0,00%"
"19.06.2003","8,35","8,35","8,35","8,35","","-1,76%"
"18.06.2003","8,50","8,50","8,50","8,50","","0,00%"
"17.06.2003","8,50","8,50","8,50","8,50","","3,03%"
"16.06.2003","8,25","8,25","8,25","8,25","","1,85%"
"13.06.2003","8,10","8,10","8,10","8,10","","-0,61%"
"12.06.2003","8,15","8,15","8,15","8,15","","2,52%"
"11.06.2003","7,95","7,95","7,95","7,95","","5,30%"
"10.06.2003","7,55","7,55","7,55","7,55","","0,67%"
"09.06.2003","7,50","7,50","7,50","7,50","","-1,96%"
"06.06.2003","7,65","7,65","7,65","7,65","","2,68%"
"05.06.2003","7,45","7,45","7,45","7,45","","-2,61%"
"04.06.2003","7,65","7,65","7,65","7,65","","2,68%"
"03.06.2003","7,45","7,45","7,45","7,45","","1,36%"
"02.06.2003","7,35","7,35","7,35","7,35","","2,80%"
"30.05.2003","7,15","7,15","7,15","7,15","","0,70%"
"29.05.2003","7,10","7,10","7,10","7,10","","1,43%"
"28.05.2003","7,00","7,00","7,00","7,00","","0,00%"
"27.05.2003","7,00","7,00","7,00","7,00","","-3,45%"
"23.05.2003","7,25","7,25","7,25","7,25","","0,00%"
"22.05.2003","7,25","7,25","7,25","7,25","","2,84%"
"21.05.2003","7,05","7,05","7,05","7,05","","2,17%"
"20.05.2003","6,90","6,90","6,90","6,90","","1,47%"
"19.05.2003","6,80","6,80","6,80","6,80","","-4,23%"
"16.05.2003","7,10","7,10","7,10","7,10","","0,71%"
"15.05.2003","7,05","7,05","7,05","7,05","","-2,76%"
"14.05.2003","7,25","7,25","7,25","7,25","","0,69%"
"13.05.2003","7,20","7,20","7,20","7,20","","0,70%"
"12.05.2003","7,15","7,15","7,15","7,15","","-4,03%"
"09.05.2003","7,45","7,45","7,45","7,45","","3,47%"
"08.05.2003","7,20","7,20","7,20","7,20","","-2,04%"
"07.05.2003","7,35","7,35","7,35","7,35","","-0,68%"
"06.05.2003","7,40","7,40","7,40","7,40","","4,96%"
"05.05.2003","7,05","7,05","7,05","7,05","","1,44%"
"02.05.2003","6,95","6,95","6,95","6,95","","0,00%"
"01.05.2003","6,95","6,95","6,95","6,95","","1,31%"
"30.04.2003","6,86","6,86","6,86","6,86","","-1,29%"
"29.04.2003","6,95","6,95","6,95","6,95","","-4,14%"
"28.04.2003","7,25","7,25","7,25","7,25","","3,57%"
"25.04.2003","7,00","7,00","7,00","7,00","","-4,11%"
"24.04.2003","7,30","7,30","7,30","7,30","","-3,95%"
"23.04.2003","7,60","7,60","7,60","7,60","","5,56%"
"22.04.2003","7,20","7,20","7,20","7,20","","-2,04%"
"21.04.2003","7,35","7,35","7,35","7,35","","0,68%"
"17.04.2003","7,30","7,30","7,30","7,30","","2,82%"
"16.04.2003","7,10","7,10","7,10","7,10","","0,71%"
"15.04.2003","7,05","7,05","7,05","7,05","","-2,08%"
"14.04.2003","7,20","7,20","7,20","7,20","","4,35%"
"11.04.2003","6,90","6,90","6,90","6,90","","2,22%"
"10.04.2003","6,75","6,75","6,75","6,75","","-2,17%"
"09.04.2003","6,90","6,90","6,90","6,90","","-0,72%"
"08.04.2003","6,95","6,95","6,95","6,95","","-1,42%"
"07.04.2003","7,05","7,05","7,05","7,05","","2,92%"
"04.04.2003","6,85","6,85","6,85","6,85","","3,01%"
"03.04.2003","6,65","6,65","6,65","6,65","","2,31%"
"02.04.2003","6,50","6,50","6,50","6,50","","0,78%"
"01.04.2003","6,45","6,45","6,45","6,45","","3,20%"
"31.03.2003","6,25","6,25","6,25","6,25","","-6,72%"
"28.03.2003","6,70","6,70","6,70","6,70","","-0,74%"
"27.03.2003","6,75","6,75","6,75","6,75","","-1,46%"
"26.03.2003","6,85","6,85","6,85","6,85","","-0,72%"
"25.03.2003","6,90","6,90","6,90","6,90","","0,73%"
"24.03.2003","6,85","6,85","6,85","6,85","","-2,97%"
"21.03.2003","7,06","7,06","7,06","7,06","","4,59%"
"20.03.2003","6,75","6,75","6,75","6,75","","-1,46%"
"19.03.2003","6,85","6,85","6,85","6,85","","0,74%"
"18.03.2003","6,80","6,80","6,80","6,80","","2,26%"
"17.03.2003","6,65","6,65","6,65","6,65","","2,31%"
"14.03.2003","6,50","6,50","6,50","6,50","","1,56%"
"13.03.2003","6,40","6,40","6,40","6,40","","-1,54%"
"12.03.2003","6,50","6,50","6,50","6,50","","-0,76%"
"11.03.2003","6,55","6,55","6,55","6,55","","-7,75%"
"10.03.2003","7,10","7,10","7,10","7,10","","-1,39%"
"07.03.2003","7,20","7,20","7,20","7,20","","-4,00%"
"06.03.2003","7,50","7,50","7,50","7,50","","-3,23%"
"05.03.2003","7,75","7,75","7,75","7,75","","0,65%"
"04.03.2003","7,70","7,70","7,70","7,70","","-3,75%"
"03.03.2003","8,00","8,00","8,00","8,00","","1,27%"
"28.02.2003","7,90","7,90","7,90","7,90","","1,28%"
"27.02.2003","7,80","7,80","7,80","7,80","","2,63%"
"26.02.2003","7,60","7,60","7,60","7,60","","-1,30%"
"25.02.2003","7,70","7,70","7,70","7,70","","-2,53%"
"24.02.2003","7,90","7,90","7,90","7,90","","-1,25%"
"21.02.2003","8,00","8,00","8,00","8,00","","1,91%"
"20.02.2003","7,85","7,85","7,85","7,85","","3,29%"
"19.02.2003","7,60","7,60","7,60","7,60","","0,66%"
"18.02.2003","7,55","7,55","7,55","7,55","","-2,08%"
"14.02.2003","7,71","7,71","7,71","7,71","","4,90%"
"13.02.2003","7,35","7,35","7,35","7,35","","-2,00%"
"12.02.2003","7,50","7,50","7,50","7,50","","-5,06%"
"11.02.2003","7,90","7,90","7,90","7,90","","1,28%"
"10.02.2003","7,80","7,80","7,80","7,80","","0,00%"
"07.02.2003","7,80","7,80","7,80","7,80","","-1,27%"
"06.02.2003","7,90","7,90","7,90","7,90","","-3,07%"
"05.02.2003","8,15","8,15","8,15","8,15","","3,16%"
"04.02.2003","7,90","7,90","7,90","7,90","","-4,82%"
"03.02.2003","8,30","8,30","8,30","8,30","","0,61%"
"31.01.2003","8,25","8,25","8,25","8,25","","3,77%"
"30.01.2003","7,95","7,95","7,95","7,95","","-1,24%"
"29.01.2003","8,05","8,05","8,05","8,05","","5,92%"
"28.01.2003","7,60","7,60","7,60","7,60","","3,40%"
"27.01.2003","7,35","7,35","7,35","7,35","","-0,68%"
"24.01.2003","7,40","7,40","7,40","7,40","","-1,33%"
"23.01.2003","7,50","7,50","7,50","7,50","","-3,23%"
"22.01.2003","7,75","7,75","7,75","7,75","","-0,64%"
"21.01.2003","7,80","7,80","7,80","7,80","","-1,27%"
"17.01.2003","7,90","7,90","7,90","7,90","","-2,47%"
"16.01.2003","8,10","8,10","8,10","8,10","","5,19%"
"15.01.2003","7,70","7,70","7,70","7,70","","-3,14%"
"14.01.2003","7,95","7,95","7,95","7,95","","2,58%"
"13.01.2003","7,75","7,75","7,75","7,75","","0,65%"
"10.01.2003","7,70","7,70","7,70","7,70","","2,67%"
"09.01.2003","7,50","7,50","7,50","7,50","","-0,66%"
"08.01.2003","7,55","7,55","7,55","7,55","","-4,43%"
"07.01.2003","7,90","7,90","7,90","7,90","","-1,86%"
"06.01.2003","8,05","8,05","8,05","8,05","","1,26%"